eventID	locality	higherGeographyID	gearType	eventDateStart	eventDateStop	timeStartUtc3	timeEndUtc3	eventTime	eventDate	duration	recordedBy	recordedByID	latStartDecMin	longStartDecMin	latStopDecMin	longStopDecMin	minimumDepthInMeters	maximumDepthInMeters	maximumElevationInMeters	sampleIdsStart	sampleIdsStop	eventRemarks	latStart	longStart	parentEventID	samplingProtocol	lat_start	lat_stop	lon_start	lon_stop	decimalLatitude	decimalLongitude	distance_m	coordinateUncertaintyInMeters	eventDate_chr	eventTime_chr	multi_day	start_text	end_text	start_datetime	end_datetime	sampleSizeValue	sampleSizeUnit
TANGO2_DIV_1	Melchior Island, North Omega	https://data.aad.gov.au/aadc/gaz/scar/display_name.cfm?gaz_id=110104	DIV	2024-02-11T00:00:00Z		1899-12-31T09:55:00Z	1899-12-31T10:37:00Z	09:55-03:00/10:37-03:00	2024-02-11	0.02916666666666673	Martin Dogniez | Lea Katz | Anthony Voisin	https://orcid.org/0000-0002-9708-1761 | https://orcid.org/0000-0001-5748-602X | https://orcid.org/0000-0003-3696-4445	64°19,235	62°55,418				21		1	70	Sea urchins, photography			https://www.wikidata.org/wiki/Q137398578	Scuba Divers | https://doi.org/10.5281/zenodo.11653690 | Diving activities are reported in the cruise report (see Table 17 Summary of diving activities during TANGO2). Underwater imagery was shot by the divers Team (Lucas Terrana, Lea Katz, Camille Moreau, Martin Dogniez and Anthony Voisin).	-64.32058333333333		-62.923633333333335		-64.3206	-62.9236			2024-02-11	09:55-03:00/10:37-03:00	FALSE	2024-02-11T09:55-0300	2024-02-11T10:37-0300	2024-02-11T12:55:00Z	2024-02-11T13:37:00Z	42	minutes
TANGO2_DIV_2	Melchior Island, North Omega	https://data.aad.gov.au/aadc/gaz/scar/display_name.cfm?gaz_id=110104	DIV	2024-02-11T00:00:00Z		1899-12-31T11:34:00Z	1899-12-31T12:20:00Z	11:34-03:00/12:20-03:00	2024-02-11	0.0319444444444445	Lucas Terrana | Camille Moreau	https://orcid.org/0000-0001-5767-3220 | https://orcid.org/0000-0002-0981-7442	64°19,235	62°55,418				21		73	92	Meiobenthioc cores and incubation cores			https://www.wikidata.org/wiki/Q137398578	Scuba Divers | https://doi.org/10.5281/zenodo.11653690 | Diving activities are reported in the cruise report (see Table 17 Summary of diving activities during TANGO2). Underwater imagery was shot by the divers Team (Lucas Terrana, Lea Katz, Camille Moreau, Martin Dogniez and Anthony Voisin).	-64.32058333333333		-62.923633333333335		-64.3206	-62.9236			2024-02-11	11:34-03:00/12:20-03:00	FALSE	2024-02-11T11:34-0300	2024-02-11T12:20-0300	2024-02-11T14:34:00Z	2024-02-11T15:20:00Z	46	minutes
TANGO2_ST_1	Melchior Island, North Omega	https://data.aad.gov.au/aadc/gaz/scar/display_name.cfm?gaz_id=110104	ST	2024-02-11T00:00:00Z	2024-02-16T00:00:00Z	1899-12-31T12:58:00Z	1899-12-31T09:54:00Z		2024-02-11T12:58-03:00/2024-02-16T09:54-03:00	116.93333333329065	Axelle Brusselman	https://orcid.org/0009-0002-6669-2911	64°19,2206	62°55,2654				21		1259	1260	Deployment			https://www.wikidata.org/wiki/Q137398578	Sediment Traps | https://doi.org/10.5281/zenodo.11653690 | Sediment Traps are listed among the gear deployed during the TANGO 2 expedition (Table 3: List of gear deployed during the TANGO 2 expedition).	-64.32034333333333		-62.92109		-64.3203	-62.9211			2024-02-11T12:58-03:00/2024-02-16T09:54-03:00		TRUE	2024-02-11T12:58-0300	2024-02-16T09:54-0300	2024-02-11T15:58:00Z	2024-02-16T12:54:00Z	7016	minutes
TANGO2_NIS_1	Melchior Island, North Omega	https://data.aad.gov.au/aadc/gaz/scar/display_name.cfm?gaz_id=110104	NIS	2024-02-11T00:00:00Z		1899-12-31T16:44:00Z	1899-12-31T17:00:00Z	16:44-03:00/17:00-03:00	2024-02-11	0.011111111111111183	Axelle Brusselman	https://orcid.org/0009-0002-6669-2911	64°19,235	62°55,418				20		93	137				https://www.wikidata.org/wiki/Q137398578	Niskin bottle | https://doi.org/10.5281/zenodo.11653690 | Water samples were collected using Niskin bottles during NIS events as part of the expedition environmental parameters and biogeochemistry work. See Table 5 (Parameters to be measured in the water column) and Table 11 (Overview of the sampling effort … (DIV = diving event, NIS = Niskin event)) for the list of parameters and station-level sampling effort details.	-64.32058333333333		-62.923633333333335		-64.3206	-62.9236			2024-02-11	16:44-03:00/17:00-03:00	FALSE	2024-02-11T16:44-0300	2024-02-11T17:00-0300	2024-02-11T19:44:00Z	2024-02-11T20:00:00Z	16	minutes
TANGO2_DR_1	Melchior Island, North Omega	https://data.aad.gov.au/aadc/gaz/scar/display_name.cfm?gaz_id=110104	DR	2024-02-11T00:00:00Z		1899-12-31T14:00:00Z	1899-12-31T14:30:00Z	14:00-03:00/14:30-03:00	2024-02-11	0.02083333333333326	Bruno Danis	https://orcid.org/0000-0002-9037-7623	64°19,235	62°55,418					300						https://www.wikidata.org/wiki/Q137398578		-64.32058333333333		-62.923633333333335		-64.3206	-62.9236			2024-02-11	14:00-03:00/14:30-03:00	FALSE	2024-02-11T14:00-0300	2024-02-11T14:30-0300	2024-02-11T17:00:00Z	2024-02-11T17:30:00Z	30	minutes
TANGO2_AT_1	Melchior Island, North Omega	https://data.aad.gov.au/aadc/gaz/scar/display_name.cfm?gaz_id=110104	AT	2024-02-11T00:00:00Z	2024-02-13T00:00:00Z	1899-12-31T17:30:00Z	1899-12-31T17:00:00Z		2024-02-11T17:30-03:00/2024-02-13T17:00-03:00	47.500000000116415	Henri Robert		64°19,24	62°55,25				22				Deployment			https://www.wikidata.org/wiki/Q137398578	Amphipod Trap | https://doi.org/10.5281/zenodo.11653690 | Baited “amphipod trap” (AT) are used to capture scavenging communities present in the selected areas. The “homemade” type of trap used during the expedition are composed of a coarse plastic mesh for protection of a 500µ fine mesh rolled around two rings of PVC pipes to produce a cylinder of 15x40 cm. Both end of the trap are equipped with a funnel with a 2 cm opening directed inward to prevent organisms to escape after penetrating the trap. The bait used consists of mackerel tied inside the trap. Traps are deployed in pairs, secured together with a metal frame. A 5kg ballast weight is used to anchor the traps on ground level. The system holds to a rope equipped with a sailing buoy floating at the surface for easy spotting and recovery of the trap. The device is deployed for a minimum of 24 hours and maximum 48 hours. Longer deployment may allow scavengers to completely consume the bait, roam around and eventually escape from the trap. Shorter deployment time may not provide enough time for detection of the bait by the scavenger. At each sampling station, AT were deployed at two different locations bringing the deployment total to 6 AT for the TANGO2 expedition.	-64.32066666666667		-62.920833333333334		-64.3207	-62.9208			2024-02-11T17:30-03:00/2024-02-13T17:00-03:00		TRUE	2024-02-11T17:30-0300	2024-02-13T17:00-0300	2024-02-11T20:30:00Z	2024-02-13T20:00:00Z	2850	minutes
TANGO2_ROV_1	Melchior Island, North Omega	https://data.aad.gov.au/aadc/gaz/scar/display_name.cfm?gaz_id=110104	ROV	2024-02-11T00:00:00Z		1899-12-31T16:30:00Z	1899-12-31T17:30:00Z	16:30-03:00/17:30-03:00	2024-02-11	0.04166666666666663	Lea Katz | Henri Robert	https://orcid.org/0000-0001-5748-602X	64°19,235	62°55,418				20				Leak			https://www.wikidata.org/wiki/Q137398578	Remotely Operated Vehicle | https://doi.org/10.5281/zenodo.11653690 | A small affordable Remotely Operated Vehicle (ROV), the BlueROV2 from BlueRobotics, was equipped with a downward looking GoPro (HERO10), a single-beam sonar and a pair of lasers. The ROV was deployed from the Australis itself or from a Bombard C4 tender. With a person managing the tether to assist the pilot. GPS coordinates were taken on the surface using a handheld GPS (Garmin Oregon 600), then the ROV headed straight downwards until reaching the bottom. It was then flown at a constant altitude above the seafloor (1 meter), with a known bearing, for approx. 15 minutes at a pace of 0,1m/s, resulting in transects between 90-110 meters, depending on the geomorphological characteristics of the site. Then, it was brought back straight upwards to the surface and a second GPS point was recorded. If, for weather or logistic reasons, it was not possible to retrieve the second GPS point, it was calculated afterwards using distance and bearing.	-64.32058333333333		-62.923633333333335		-64.3206	-62.9236			2024-02-11	16:30-03:00/17:30-03:00	FALSE	2024-02-11T16:30-0300	2024-02-11T17:30-0300	2024-02-11T19:30:00Z	2024-02-11T20:30:00Z	60	minutes
TANGO2_DIV_3	Melchior Island, North Omega	https://data.aad.gov.au/aadc/gaz/scar/display_name.cfm?gaz_id=110104	DIV	2024-02-12T00:00:00Z		1899-12-31T09:02:00Z	1899-12-31T09:47:00Z	09:02-03:00/09:47-03:00	2024-02-12	0.03125	Anthony Voisin | Martin Dogniez	https://orcid.org/0000-0003-3696-4445 | https://orcid.org/0000-0002-9708-1761	64°19,235	62°55,418				20		301		Trophic Quadrats			https://www.wikidata.org/wiki/Q137398578	Scuba Divers | https://doi.org/10.5281/zenodo.11653690 | Diving activities are reported in the cruise report (see Table 17 Summary of diving activities during TANGO2). Underwater imagery was shot by the divers Team (Lucas Terrana, Lea Katz, Camille Moreau, Martin Dogniez and Anthony Voisin).	-64.32058333333333		-62.923633333333335		-64.3206	-62.9236			2024-02-12	09:02-03:00/09:47-03:00	FALSE	2024-02-12T09:02-0300	2024-02-12T09:47-0300	2024-02-12T12:02:00Z	2024-02-12T12:47:00Z	45	minutes
TANGO2_DIV_4	Melchior Island, North Omega	https://data.aad.gov.au/aadc/gaz/scar/display_name.cfm?gaz_id=110104	DIV	2024-02-12T00:00:00Z		1899-12-31T10:37:00Z	1899-12-31T11:29:00Z	10:37-03:00/11:29-03:00	2024-02-12	0.03611111111111104	Lea Katz | Lucas Terrana | Camille Moreau	https://orcid.org/0000-0001-5748-602X | https://orcid.org/0000-0001-5767-3220 | https://orcid.org/0000-0002-0981-7442	64°19,235	62°55,418				22		140	150	Morphotype collection and documentation			https://www.wikidata.org/wiki/Q137398578	Scuba Divers | https://doi.org/10.5281/zenodo.11653690 | Diving activities are reported in the cruise report (see Table 17 Summary of diving activities during TANGO2). Underwater imagery was shot by the divers Team (Lucas Terrana, Lea Katz, Camille Moreau, Martin Dogniez and Anthony Voisin).	-64.32058333333333		-62.923633333333335		-64.3206	-62.9236			2024-02-12	10:37-03:00/11:29-03:00	FALSE	2024-02-12T10:37-0300	2024-02-12T11:29-0300	2024-02-12T13:37:00Z	2024-02-12T14:29:00Z	52	minutes
TANGO2_NIS_2	Melchior Island, North Omega	https://data.aad.gov.au/aadc/gaz/scar/display_name.cfm?gaz_id=110104	NIS	2024-02-12T00:00:00Z		1899-12-31T10:00:00Z	1899-12-31T10:20:00Z	10:00-03:00/10:20-03:00	2024-02-12	0.013888888888888895	Axelle Brusselman | Manon Bayat	https://orcid.org/0009-0002-6669-2911	64°19,235	62°55,418			0	20		171	182				https://www.wikidata.org/wiki/Q137398578	Niskin bottle | https://doi.org/10.5281/zenodo.11653690 | Water samples were collected using Niskin bottles during NIS events as part of the expedition environmental parameters and biogeochemistry work. See Table 5 (Parameters to be measured in the water column) and Table 11 (Overview of the sampling effort … (DIV = diving event, NIS = Niskin event)) for the list of parameters and station-level sampling effort details.	-64.32058333333333		-62.923633333333335		-64.3206	-62.9236			2024-02-12	10:00-03:00/10:20-03:00	FALSE	2024-02-12T10:00-0300	2024-02-12T10:20-0300	2024-02-12T13:00:00Z	2024-02-12T13:20:00Z	20	minutes
TANGO2_NIS_3	Melchior Island, North Omega	https://data.aad.gov.au/aadc/gaz/scar/display_name.cfm?gaz_id=110104	NIS	2024-02-12T00:00:00Z		1899-12-31T14:45:00Z	1899-12-31T14:50:00Z	14:45-03:00/14:50-03:00	2024-02-12	0.00347222222222221	Axelle Brusselman | Manon Bayat	https://orcid.org/0009-0002-6669-2911						0		183	188		64.315098	62.930713	https://www.wikidata.org/wiki/Q137398578	Niskin bottle | https://doi.org/10.5281/zenodo.11653690 | Water samples were collected using Niskin bottles during NIS events as part of the expedition environmental parameters and biogeochemistry work. See Table 5 (Parameters to be measured in the water column) and Table 11 (Overview of the sampling effort … (DIV = diving event, NIS = Niskin event)) for the list of parameters and station-level sampling effort details.									2024-02-12	14:45-03:00/14:50-03:00	FALSE	2024-02-12T14:45-0300	2024-02-12T14:50-0300	2024-02-12T17:45:00Z	2024-02-12T17:50:00Z	5	minutes
TANGO2_NIS_4	Melchior Island, North Omega	https://data.aad.gov.au/aadc/gaz/scar/display_name.cfm?gaz_id=110104	NIS	2024-02-12T00:00:00Z		1899-12-31T15:09:00Z	1899-12-31T15:13:00Z	15:09-03:00/15:13-03:00	2024-02-12	0.002777777777777768	Axelle Brusselman | Manon Bayat	https://orcid.org/0009-0002-6669-2911						0		189	194		64.307023	62.947417	https://www.wikidata.org/wiki/Q137398578	Niskin bottle | https://doi.org/10.5281/zenodo.11653690 | Water samples were collected using Niskin bottles during NIS events as part of the expedition environmental parameters and biogeochemistry work. See Table 5 (Parameters to be measured in the water column) and Table 11 (Overview of the sampling effort … (DIV = diving event, NIS = Niskin event)) for the list of parameters and station-level sampling effort details.									2024-02-12	15:09-03:00/15:13-03:00	FALSE	2024-02-12T15:09-0300	2024-02-12T15:13-0300	2024-02-12T18:09:00Z	2024-02-12T18:13:00Z	4	minutes
TANGO2_NIS_5	Melchior Island, North Omega	https://data.aad.gov.au/aadc/gaz/scar/display_name.cfm?gaz_id=110104	NIS	2024-02-12T00:00:00Z		1899-12-31T15:19:00Z	1899-12-31T15:24:00Z	15:19-03:00/15:24-03:00	2024-02-12	0.003472222222222321	Axelle Brusselman | Manon Bayat	https://orcid.org/0009-0002-6669-2911						0		195	200		64.308496	62.94315	https://www.wikidata.org/wiki/Q137398578	Niskin bottle | https://doi.org/10.5281/zenodo.11653690 | Water samples were collected using Niskin bottles during NIS events as part of the expedition environmental parameters and biogeochemistry work. See Table 5 (Parameters to be measured in the water column) and Table 11 (Overview of the sampling effort … (DIV = diving event, NIS = Niskin event)) for the list of parameters and station-level sampling effort details.									2024-02-12	15:19-03:00/15:24-03:00	FALSE	2024-02-12T15:19-0300	2024-02-12T15:24-0300	2024-02-12T18:19:00Z	2024-02-12T18:24:00Z	5	minutes
TANGO2_NIS_6	Melchior Island, North Omega	https://data.aad.gov.au/aadc/gaz/scar/display_name.cfm?gaz_id=110104	NIS	2024-02-12T00:00:00Z		1899-12-31T15:30:00Z	1899-12-31T15:35:00Z	15:30-03:00/15:35-03:00	2024-02-12	0.00347222222222221	Axelle Brusselman | Manon Bayat	https://orcid.org/0009-0002-6669-2911						0		201	206		64.317163	62.927629	https://www.wikidata.org/wiki/Q137398578	Niskin bottle | https://doi.org/10.5281/zenodo.11653690 | Water samples were collected using Niskin bottles during NIS events as part of the expedition environmental parameters and biogeochemistry work. See Table 5 (Parameters to be measured in the water column) and Table 11 (Overview of the sampling effort … (DIV = diving event, NIS = Niskin event)) for the list of parameters and station-level sampling effort details.									2024-02-12	15:30-03:00/15:35-03:00	FALSE	2024-02-12T15:30-0300	2024-02-12T15:35-0300	2024-02-12T18:30:00Z	2024-02-12T18:35:00Z	5	minutes
TANGO2_NIS_7	Melchior Island, North Omega	https://data.aad.gov.au/aadc/gaz/scar/display_name.cfm?gaz_id=110104	NIS	2024-02-12T00:00:00Z		1899-12-31T15:39:00Z	1899-12-31T15:44:00Z	15:39-03:00/15:44-03:00	2024-02-12	0.00347222222222221	Axelle Brusselman | Manon Bayat	https://orcid.org/0009-0002-6669-2911						0		207	212		64.318697	62.926535	https://www.wikidata.org/wiki/Q137398578	Niskin bottle | https://doi.org/10.5281/zenodo.11653690 | Water samples were collected using Niskin bottles during NIS events as part of the expedition environmental parameters and biogeochemistry work. See Table 5 (Parameters to be measured in the water column) and Table 11 (Overview of the sampling effort … (DIV = diving event, NIS = Niskin event)) for the list of parameters and station-level sampling effort details.									2024-02-12	15:39-03:00/15:44-03:00	FALSE	2024-02-12T15:39-0300	2024-02-12T15:44-0300	2024-02-12T18:39:00Z	2024-02-12T18:44:00Z	5	minutes
TANGO2_NIS_8	Melchior Island, North Omega	https://data.aad.gov.au/aadc/gaz/scar/display_name.cfm?gaz_id=110104	NIS	2024-02-12T00:00:00Z		1899-12-31T15:48:00Z	1899-12-31T15:53:00Z	15:48-03:00/15:53-03:00	2024-02-12	0.00347222222222221	Axelle Brusselman | Manon Bayat	https://orcid.org/0009-0002-6669-2911						0		213	218		64.319872	62.92531	https://www.wikidata.org/wiki/Q137398578	Niskin bottle | https://doi.org/10.5281/zenodo.11653690 | Water samples were collected using Niskin bottles during NIS events as part of the expedition environmental parameters and biogeochemistry work. See Table 5 (Parameters to be measured in the water column) and Table 11 (Overview of the sampling effort … (DIV = diving event, NIS = Niskin event)) for the list of parameters and station-level sampling effort details.									2024-02-12	15:48-03:00/15:53-03:00	FALSE	2024-02-12T15:48-0300	2024-02-12T15:53-0300	2024-02-12T18:48:00Z	2024-02-12T18:53:00Z	5	minutes
TANGO2_NIS_9	Melchior Island, North Omega	https://data.aad.gov.au/aadc/gaz/scar/display_name.cfm?gaz_id=110104	NIS	2024-02-12T00:00:00Z		1899-12-31T15:57:00Z	1899-12-31T16:02:00Z	15:57-03:00/16:02-03:00	2024-02-12	0.003472222222222321	Axelle Brusselman | Manon Bayat	https://orcid.org/0009-0002-6669-2911						0		219	224		64.320347	62.923212	https://www.wikidata.org/wiki/Q137398578	Niskin bottle | https://doi.org/10.5281/zenodo.11653690 | Water samples were collected using Niskin bottles during NIS events as part of the expedition environmental parameters and biogeochemistry work. See Table 5 (Parameters to be measured in the water column) and Table 11 (Overview of the sampling effort … (DIV = diving event, NIS = Niskin event)) for the list of parameters and station-level sampling effort details.									2024-02-12	15:57-03:00/16:02-03:00	FALSE	2024-02-12T15:57-0300	2024-02-12T16:02-0300	2024-02-12T18:57:00Z	2024-02-12T19:02:00Z	5	minutes
TANGO2_NIS_10	Melchior Island, North Omega	https://data.aad.gov.au/aadc/gaz/scar/display_name.cfm?gaz_id=110104	NIS	2024-02-12T00:00:00Z		1899-12-31T16:15:00Z	1899-12-31T16:20:00Z	16:15-03:00/16:20-03:00	2024-02-12	0.003472222222222099	Axelle Brusselman | Manon Bayat	https://orcid.org/0009-0002-6669-2911						0		225	230	Second CH4/N2O exploded	64.320825	62.900296	https://www.wikidata.org/wiki/Q137398578	Niskin bottle | https://doi.org/10.5281/zenodo.11653690 | Water samples were collected using Niskin bottles during NIS events as part of the expedition environmental parameters and biogeochemistry work. See Table 5 (Parameters to be measured in the water column) and Table 11 (Overview of the sampling effort … (DIV = diving event, NIS = Niskin event)) for the list of parameters and station-level sampling effort details.									2024-02-12	16:15-03:00/16:20-03:00	FALSE	2024-02-12T16:15-0300	2024-02-12T16:20-0300	2024-02-12T19:15:00Z	2024-02-12T19:20:00Z	5	minutes
TANGO2_NIS_11	Melchior Island, North Omega	https://data.aad.gov.au/aadc/gaz/scar/display_name.cfm?gaz_id=110104	NIS	2024-02-12T00:00:00Z		1899-12-31T16:26:00Z	1899-12-31T16:31:00Z	16:26-03:00/16:31-03:00	2024-02-12	0.00347222222222221	Axelle Brusselman | Manon Bayat	https://orcid.org/0009-0002-6669-2911						0		231	236		64.319152	62.909623	https://www.wikidata.org/wiki/Q137398578	Niskin bottle | https://doi.org/10.5281/zenodo.11653690 | Water samples were collected using Niskin bottles during NIS events as part of the expedition environmental parameters and biogeochemistry work. See Table 5 (Parameters to be measured in the water column) and Table 11 (Overview of the sampling effort … (DIV = diving event, NIS = Niskin event)) for the list of parameters and station-level sampling effort details.									2024-02-12	16:26-03:00/16:31-03:00	FALSE	2024-02-12T16:26-0300	2024-02-12T16:31-0300	2024-02-12T19:26:00Z	2024-02-12T19:31:00Z	5	minutes
TANGO2_NIS_12	Melchior Island, North Omega	https://data.aad.gov.au/aadc/gaz/scar/display_name.cfm?gaz_id=110104	NIS	2024-02-12T00:00:00Z		1899-12-31T16:34:00Z	1899-12-31T16:39:00Z	16:34-03:00/16:39-03:00	2024-02-12	0.00347222222222221	Axelle Brusselman | Manon Bayat	https://orcid.org/0009-0002-6669-2911						0		237	242	6-7 m from glacier	64.31974	62.917007	https://www.wikidata.org/wiki/Q137398578	Niskin bottle | https://doi.org/10.5281/zenodo.11653690 | Water samples were collected using Niskin bottles during NIS events as part of the expedition environmental parameters and biogeochemistry work. See Table 5 (Parameters to be measured in the water column) and Table 11 (Overview of the sampling effort … (DIV = diving event, NIS = Niskin event)) for the list of parameters and station-level sampling effort details.									2024-02-12	16:34-03:00/16:39-03:00	FALSE	2024-02-12T16:34-0300	2024-02-12T16:39-0300	2024-02-12T19:34:00Z	2024-02-12T19:39:00Z	5	minutes
TANGO2_NIS_13	Melchior Island, North Omega	https://data.aad.gov.au/aadc/gaz/scar/display_name.cfm?gaz_id=110104	NIS	2024-02-12T00:00:00Z		1899-12-31T16:48:00Z	1899-12-31T16:53:00Z	16:48-03:00/16:53-03:00	2024-02-12	0.003472222222222099	Axelle Brusselman | Manon Bayat	https://orcid.org/0009-0002-6669-2911						0		243	248	Run-off	64.316989	62.914304	https://www.wikidata.org/wiki/Q137398578	Niskin bottle | https://doi.org/10.5281/zenodo.11653690 | Water samples were collected using Niskin bottles during NIS events as part of the expedition environmental parameters and biogeochemistry work. See Table 5 (Parameters to be measured in the water column) and Table 11 (Overview of the sampling effort … (DIV = diving event, NIS = Niskin event)) for the list of parameters and station-level sampling effort details.									2024-02-12	16:48-03:00/16:53-03:00	FALSE	2024-02-12T16:48-0300	2024-02-12T16:53-0300	2024-02-12T19:48:00Z	2024-02-12T19:53:00Z	5	minutes
TANGO2_NIS_14	Melchior Island, North Omega	https://data.aad.gov.au/aadc/gaz/scar/display_name.cfm?gaz_id=110104	NIS	2024-02-12T00:00:00Z		1899-12-31T16:59:00Z	1899-12-31T17:04:00Z	16:59-03:00/17:04-03:00	2024-02-12	0.00347222222222221	Axelle Brusselman | Manon Bayat	https://orcid.org/0009-0002-6669-2911						0		249	254	Run-off	64.319271	62.917854	https://www.wikidata.org/wiki/Q137398578	Niskin bottle | https://doi.org/10.5281/zenodo.11653690 | Water samples were collected using Niskin bottles during NIS events as part of the expedition environmental parameters and biogeochemistry work. See Table 5 (Parameters to be measured in the water column) and Table 11 (Overview of the sampling effort … (DIV = diving event, NIS = Niskin event)) for the list of parameters and station-level sampling effort details.									2024-02-12	16:59-03:00/17:04-03:00	FALSE	2024-02-12T16:59-0300	2024-02-12T17:04-0300	2024-02-12T19:59:00Z	2024-02-12T20:04:00Z	5	minutes
TANGO2_NIS_15	Melchior Island, North Omega	https://data.aad.gov.au/aadc/gaz/scar/display_name.cfm?gaz_id=110104	NIS	2024-02-12T00:00:00Z		1899-12-31T17:08:00Z	1899-12-31T17:13:00Z	17:08-03:00/17:13-03:00	2024-02-12	0.003472222222222099	Axelle Brusselman | Manon Bayat	https://orcid.org/0009-0002-6669-2911						0		255	260	No Run-off	64.32025	62.915516	https://www.wikidata.org/wiki/Q137398578	Niskin bottle | https://doi.org/10.5281/zenodo.11653690 | Water samples were collected using Niskin bottles during NIS events as part of the expedition environmental parameters and biogeochemistry work. See Table 5 (Parameters to be measured in the water column) and Table 11 (Overview of the sampling effort … (DIV = diving event, NIS = Niskin event)) for the list of parameters and station-level sampling effort details.									2024-02-12	17:08-03:00/17:13-03:00	FALSE	2024-02-12T17:08-0300	2024-02-12T17:13-0300	2024-02-12T20:08:00Z	2024-02-12T20:13:00Z	5	minutes
TANGO2_NIS_16	Melchior Island, North Omega	https://data.aad.gov.au/aadc/gaz/scar/display_name.cfm?gaz_id=110104	NIS	2024-02-12T00:00:00Z		1899-12-31T17:17:00Z	1899-12-31T17:22:00Z	17:17-03:00/17:22-03:00	2024-02-12	0.003472222222222099	Axelle Brusselman | Manon Bayat	https://orcid.org/0009-0002-6669-2911						0		261	266	No Run-off	64.320581	62.918766	https://www.wikidata.org/wiki/Q137398578	Niskin bottle | https://doi.org/10.5281/zenodo.11653690 | Water samples were collected using Niskin bottles during NIS events as part of the expedition environmental parameters and biogeochemistry work. See Table 5 (Parameters to be measured in the water column) and Table 11 (Overview of the sampling effort … (DIV = diving event, NIS = Niskin event)) for the list of parameters and station-level sampling effort details.									2024-02-12	17:17-03:00/17:22-03:00	FALSE	2024-02-12T17:17-0300	2024-02-12T17:22-0300	2024-02-12T20:17:00Z	2024-02-12T20:22:00Z	5	minutes
TANGO2_ROV_2	Melchior Island, North Omega	https://data.aad.gov.au/aadc/gaz/scar/display_name.cfm?gaz_id=110104	ROV	2024-02-12T00:00:00Z		1899-12-31T13:46:00Z	1899-12-31T13:57:00Z	13:46-03:00/13:57-03:00	2024-02-12	0.007638888888888751	Lea Katz | Henri Robert	https://orcid.org/0000-0001-5748-602X	64°19,235	62°55,418			0	20							https://www.wikidata.org/wiki/Q137398578	Remotely Operated Vehicle | https://doi.org/10.5281/zenodo.11653690 | A small affordable Remotely Operated Vehicle (ROV), the BlueROV2 from BlueRobotics, was equipped with a downward looking GoPro (HERO10), a single-beam sonar and a pair of lasers. The ROV was deployed from the Australis itself or from a Bombard C4 tender. With a person managing the tether to assist the pilot. GPS coordinates were taken on the surface using a handheld GPS (Garmin Oregon 600), then the ROV headed straight downwards until reaching the bottom. It was then flown at a constant altitude above the seafloor (1 meter), with a known bearing, for approx. 15 minutes at a pace of 0,1m/s, resulting in transects between 90-110 meters, depending on the geomorphological characteristics of the site. Then, it was brought back straight upwards to the surface and a second GPS point was recorded. If, for weather or logistic reasons, it was not possible to retrieve the second GPS point, it was calculated afterwards using distance and bearing.	-64.32058333333333		-62.923633333333335		-64.3206	-62.9236			2024-02-12	13:46-03:00/13:57-03:00	FALSE	2024-02-12T13:46-0300	2024-02-12T13:57-0300	2024-02-12T16:46:00Z	2024-02-12T16:57:00Z	11	minutes
TANGO2_ROV_3	Melchior Island, North Omega	https://data.aad.gov.au/aadc/gaz/scar/display_name.cfm?gaz_id=110104	ROV	2024-02-12T00:00:00Z		1899-12-31T16:27:00Z	1899-12-31T16:41:00Z	16:27-03:00/16:41-03:00	2024-02-12	0.009722222222222188	Lea Katz | Henri Robert	https://orcid.org/0000-0001-5748-602X	64°19,235	62°55,418			5	13							https://www.wikidata.org/wiki/Q137398578	Remotely Operated Vehicle | https://doi.org/10.5281/zenodo.11653690 | A small affordable Remotely Operated Vehicle (ROV), the BlueROV2 from BlueRobotics, was equipped with a downward looking GoPro (HERO10), a single-beam sonar and a pair of lasers. The ROV was deployed from the Australis itself or from a Bombard C4 tender. With a person managing the tether to assist the pilot. GPS coordinates were taken on the surface using a handheld GPS (Garmin Oregon 600), then the ROV headed straight downwards until reaching the bottom. It was then flown at a constant altitude above the seafloor (1 meter), with a known bearing, for approx. 15 minutes at a pace of 0,1m/s, resulting in transects between 90-110 meters, depending on the geomorphological characteristics of the site. Then, it was brought back straight upwards to the surface and a second GPS point was recorded. If, for weather or logistic reasons, it was not possible to retrieve the second GPS point, it was calculated afterwards using distance and bearing.	-64.32058333333333		-62.923633333333335		-64.3206	-62.9236			2024-02-12	16:27-03:00/16:41-03:00	FALSE	2024-02-12T16:27-0300	2024-02-12T16:41-0300	2024-02-12T19:27:00Z	2024-02-12T19:41:00Z	14	minutes
TANGO2_RD_1	Melchior Island, North Omega	https://data.aad.gov.au/aadc/gaz/scar/display_name.cfm?gaz_id=110104	RD	2024-02-12T00:00:00Z		1899-12-31T13:30:00Z	1899-12-31T13:50:00Z	13:30-03:00/13:50-03:00	2024-02-12	0.01388888888888895	Henri Robert		64°19,242	62°55,372	64°19,199	62°55,421	5	20		152	170				https://www.wikidata.org/wiki/Q137398578	Rauschert Dredge | https://doi.org/10.5281/zenodo.11653690 | A “Rauschert” dredge (RD) was used at each working area to sample the general macro-benthic communities. This small dredge designed by Biologist Martin Rauschert (AWI) several decades ago is an excellent tool (widely used in the scientific benthic research community) to capture a large diversity of specimen of all taxa and keep them in a good shape for further identification and processing. The dredge consists of a 50x50x20 cm double sided sledge-like metal frame that slides on the sea floor (on either side). Organisms are lifted from the sediment surface by a chain that scrapes the seabed under the dredge’s frame. At the bottom of the dredge a large 50x70x20 cm bag of 500µ mesh is attached to collect all the floating organisms lifted by the chain. This collecting bag is protected by a coarse nylon 1 cm mesh size bag to support the weight of the sample collected. Both bags are protected on top and at the bottom by a rubber carpet that covers the whole surface of the collecting bag. The RD is usually deployed from a zodiac but can also be deployed from the deck of Australis. The RD is being held and hauled by a rope of at least 1.5 times the length of the depth of deployment. A distance of 100 meter is travelled to the end point of deployment at very low speed that allows the dredge to sweep the sea floor without floating above the ground. At the end point the rope is pulled by hand until the RD reaches the water surface. The whole device containing the samples in its bags is placed in a bucket for further processing on the ship’s deck. A total of 15 RD was deployed during the TANGO2 expedition at each station’s point of interest (deeper “pools”, canyons, channel slope, plateau).	-64.3207	-64.31998333333334	-62.922866666666664	-62.92368333333334	-64.3203	-62.9233	88.97567238961707	64	2024-02-12	13:30-03:00/13:50-03:00	FALSE	2024-02-12T13:30-0300	2024-02-12T13:50-0300	2024-02-12T16:30:00Z	2024-02-12T16:50:00Z	20	minutes
TANGO2_DRM_1	Melchior Island, North Omega	https://data.aad.gov.au/aadc/gaz/scar/display_name.cfm?gaz_id=110104	DRM	2024-02-12T00:00:00Z		1899-12-31T09:17:00Z	1899-12-31T10:17:00Z	09:17-03:00/10:17-03:00	2024-02-12	0.04166666666666663	Bruno Danis	https://orcid.org/0000-0002-9037-7623							40			Flight Time: 45'			https://www.wikidata.org/wiki/Q137398578	Drone Mapping | https://doi.org/10.5281/zenodo.11653690 | Aerial footage was shot by Bruno Danis, Camille Moreau and Henri Robert using DJI MavicPro2, DJI Mavic Mini Pro3 drones, for mapping, photogrammetry and documentation purposes. Drone-derived media were gathered in the framework of the expedition, both for outreach and research purposes.									2024-02-12	09:17-03:00/10:17-03:00	FALSE	2024-02-12T09:17-0300	2024-02-12T10:17-0300	2024-02-12T12:17:00Z	2024-02-12T13:17:00Z	60	minutes
TANGO2_DIV_5	Melchior Island, North Omega	https://data.aad.gov.au/aadc/gaz/scar/display_name.cfm?gaz_id=110104	DIV	2024-02-13T00:00:00Z		1899-12-31T08:52:00Z	1899-12-31T09:48:00Z	08:52-03:00/09:48-03:00	2024-02-13	0.03888888888888892	Martin Dogniez | Anthony Voisin	https://orcid.org/0000-0002-9708-1761 | https://orcid.org/0000-0003-3696-4445	64°19,235	62°55,418				21		543		Trophic Transects			https://www.wikidata.org/wiki/Q137398578	Scuba Divers | https://doi.org/10.5281/zenodo.11653690 | Diving activities are reported in the cruise report (see Table 17 Summary of diving activities during TANGO2). Underwater imagery was shot by the divers Team (Lucas Terrana, Lea Katz, Camille Moreau, Martin Dogniez and Anthony Voisin).	-64.32058333333333		-62.923633333333335		-64.3206	-62.9236			2024-02-13	08:52-03:00/09:48-03:00	FALSE	2024-02-13T08:52-0300	2024-02-13T09:48-0300	2024-02-13T11:52:00Z	2024-02-13T12:48:00Z	56	minutes
TANGO2_RD_2	Melchior Island, North Omega	https://data.aad.gov.au/aadc/gaz/scar/display_name.cfm?gaz_id=110104	RD	2024-02-13T00:00:00Z		1899-12-31T08:30:00Z	1899-12-31T08:50:00Z	08:30-03:00/08:50-03:00	2024-02-13	0.013888888888888895	Henri Robert		64°19,192	62°55,034	64°19,237	62°55,062	8	22		449	462				https://www.wikidata.org/wiki/Q137398578	Rauschert Dredge | https://doi.org/10.5281/zenodo.11653690 | A “Rauschert” dredge (RD) was used at each working area to sample the general macro-benthic communities. This small dredge designed by Biologist Martin Rauschert (AWI) several decades ago is an excellent tool (widely used in the scientific benthic research community) to capture a large diversity of specimen of all taxa and keep them in a good shape for further identification and processing. The dredge consists of a 50x50x20 cm double sided sledge-like metal frame that slides on the sea floor (on either side). Organisms are lifted from the sediment surface by a chain that scrapes the seabed under the dredge’s frame. At the bottom of the dredge a large 50x70x20 cm bag of 500µ mesh is attached to collect all the floating organisms lifted by the chain. This collecting bag is protected by a coarse nylon 1 cm mesh size bag to support the weight of the sample collected. Both bags are protected on top and at the bottom by a rubber carpet that covers the whole surface of the collecting bag. The RD is usually deployed from a zodiac but can also be deployed from the deck of Australis. The RD is being held and hauled by a rope of at least 1.5 times the length of the depth of deployment. A distance of 100 meter is travelled to the end point of deployment at very low speed that allows the dredge to sweep the sea floor without floating above the ground. At the end point the rope is pulled by hand until the RD reaches the water surface. The whole device containing the samples in its bags is placed in a bucket for further processing on the ship’s deck. A total of 15 RD was deployed during the TANGO2 expedition at each station’s point of interest (deeper “pools”, canyons, channel slope, plateau).	-64.31986666666667	-64.32061666666667	-62.917233333333336	-62.9177	-64.3202	-62.9175	86.4713311063019	63	2024-02-13	08:30-03:00/08:50-03:00	FALSE	2024-02-13T08:30-0300	2024-02-13T08:50-0300	2024-02-13T11:30:00Z	2024-02-13T11:50:00Z	20	minutes
TANGO2_DIV_6	Melchior Island, North Omega	https://data.aad.gov.au/aadc/gaz/scar/display_name.cfm?gaz_id=110104	DIV	2024-02-13T00:00:00Z		1899-12-31T08:55:00Z	1899-12-31T09:50:00Z	08:55-03:00/09:50-03:00	2024-02-13	0.03819444444444453	Camille Moreau | Lucas Terrana	https://orcid.org/0000-0002-0981-7442 | https://orcid.org/0000-0001-5767-3220	64°19,235	62°55,418				23		448	542	Careful: samples 448, 541, 542. Video transects, ROV testing for Leaks			https://www.wikidata.org/wiki/Q137398578	Scuba Divers | https://doi.org/10.5281/zenodo.11653690 | Diving activities are reported in the cruise report (see Table 17 Summary of diving activities during TANGO2). Underwater imagery was shot by the divers Team (Lucas Terrana, Lea Katz, Camille Moreau, Martin Dogniez and Anthony Voisin).	-64.32058333333333		-62.923633333333335		-64.3206	-62.9236			2024-02-13	08:55-03:00/09:50-03:00	FALSE	2024-02-13T08:55-0300	2024-02-13T09:50-0300	2024-02-13T11:55:00Z	2024-02-13T12:50:00Z	55	minutes
TANGO2_ROV_4	Melchior Island, North Omega	https://data.aad.gov.au/aadc/gaz/scar/display_name.cfm?gaz_id=110104	ROV	2024-02-13T00:00:00Z		1899-12-31T13:19:00Z	1899-12-31T13:36:00Z	13:19-03:00/13:36-03:00	2024-02-13	0.011805555555555514	Lea Katz | Henri Robert	https://orcid.org/0000-0001-5748-602X	64°19,235	62°55,418			5	22		445		Redo of DIV6 Test transect			https://www.wikidata.org/wiki/Q137398578	Remotely Operated Vehicle | https://doi.org/10.5281/zenodo.11653690 | A small affordable Remotely Operated Vehicle (ROV), the BlueROV2 from BlueRobotics, was equipped with a downward looking GoPro (HERO10), a single-beam sonar and a pair of lasers. The ROV was deployed from the Australis itself or from a Bombard C4 tender. With a person managing the tether to assist the pilot. GPS coordinates were taken on the surface using a handheld GPS (Garmin Oregon 600), then the ROV headed straight downwards until reaching the bottom. It was then flown at a constant altitude above the seafloor (1 meter), with a known bearing, for approx. 15 minutes at a pace of 0,1m/s, resulting in transects between 90-110 meters, depending on the geomorphological characteristics of the site. Then, it was brought back straight upwards to the surface and a second GPS point was recorded. If, for weather or logistic reasons, it was not possible to retrieve the second GPS point, it was calculated afterwards using distance and bearing.	-64.32058333333333		-62.923633333333335		-64.3206	-62.9236			2024-02-13	13:19-03:00/13:36-03:00	FALSE	2024-02-13T13:19-0300	2024-02-13T13:36-0300	2024-02-13T16:19:00Z	2024-02-13T16:36:00Z	17	minutes
TANGO2_DIV_7	Melchior Island, North Omega	https://data.aad.gov.au/aadc/gaz/scar/display_name.cfm?gaz_id=110104	DIV	2024-02-13T00:00:00Z		1899-12-31T15:25:00Z	1899-12-31T16:15:00Z	15:25-03:00/16:15-03:00	2024-02-13	0.03472222222222232	Camille Moreau | Lucas Terrana	https://orcid.org/0000-0002-0981-7442 | https://orcid.org/0000-0001-5767-3220	64°19,235	62°55,418				21		441	444	Meiofauna cores			https://www.wikidata.org/wiki/Q137398578	Scuba Divers | https://doi.org/10.5281/zenodo.11653690 | Diving activities are reported in the cruise report (see Table 17 Summary of diving activities during TANGO2). Underwater imagery was shot by the divers Team (Lucas Terrana, Lea Katz, Camille Moreau, Martin Dogniez and Anthony Voisin).	-64.32058333333333		-62.923633333333335		-64.3206	-62.9236			2024-02-13	15:25-03:00/16:15-03:00	FALSE	2024-02-13T15:25-0300	2024-02-13T16:15-0300	2024-02-13T18:25:00Z	2024-02-13T19:15:00Z	50	minutes
TANGO2_NIS_17	Melchior Island, North Omega	https://data.aad.gov.au/aadc/gaz/scar/display_name.cfm?gaz_id=110104	NIS	2024-02-13T00:00:00Z		1899-12-31T14:30:00Z		14:30-03:00	2024-02-13		Axelle Brusselman	https://orcid.org/0009-0002-6669-2911	64°19,235	62°55,418						494	525				https://www.wikidata.org/wiki/Q137398578	Niskin bottle | https://doi.org/10.5281/zenodo.11653690 | Water samples were collected using Niskin bottles during NIS events as part of the expedition environmental parameters and biogeochemistry work. See Table 5 (Parameters to be measured in the water column) and Table 11 (Overview of the sampling effort … (DIV = diving event, NIS = Niskin event)) for the list of parameters and station-level sampling effort details.	-64.32058333333333		-62.923633333333335		-64.3206	-62.9236			2024-02-13	14:30-03:00	FALSE	2024-02-13T14:30-0300	2024-02-13T14:30-0300	2024-02-13T17:30:00Z	2024-02-13T17:30:00Z	0	minutes
TANGO2_INC_1	Melchior Island, North Omega	https://data.aad.gov.au/aadc/gaz/scar/display_name.cfm?gaz_id=110104	INC	2024-02-13T00:00:00Z	2024-02-14T00:00:00Z	1899-12-31T06:00:00Z	1899-12-31T08:00:00Z		2024-02-13T06:00-03:00/2024-02-14T08:00-03:00	26.000000000058208	Axelle Brusselman	https://orcid.org/0009-0002-6669-2911	64°19,235	62°55,418			0	17		526	540	13C Incubations			https://www.wikidata.org/wiki/Q137398578	13C Incubations (AB) | https://doi.org/10.5281/zenodo.11653690 | 13C incubations are listed among the gear deployed during the TANGO 2 expedition (Table 3: List of gear deployed during the TANGO 2 expedition).	-64.32058333333333		-62.923633333333335		-64.3206	-62.9236			2024-02-13T06:00-03:00/2024-02-14T08:00-03:00		TRUE	2024-02-13T06:00-0300	2024-02-14T08:00-0300	2024-02-13T09:00:00Z	2024-02-14T11:00:00Z	1560	minutes
TANGO2_ROV_5	Melchior Island, North Omega	https://data.aad.gov.au/aadc/gaz/scar/display_name.cfm?gaz_id=110104	ROV	2024-02-13T00:00:00Z		1899-12-31T16:00:00Z	1899-12-31T16:30:00Z	16:00-03:00/16:30-03:00	2024-02-13	0.02083333333333337	Lea Katz | Henri Robert	https://orcid.org/0000-0001-5748-602X	64°19,235	62°55,418			5	20		446	447	2 transects, Leak detected			https://www.wikidata.org/wiki/Q137398578	Remotely Operated Vehicle | https://doi.org/10.5281/zenodo.11653690 | A small affordable Remotely Operated Vehicle (ROV), the BlueROV2 from BlueRobotics, was equipped with a downward looking GoPro (HERO10), a single-beam sonar and a pair of lasers. The ROV was deployed from the Australis itself or from a Bombard C4 tender. With a person managing the tether to assist the pilot. GPS coordinates were taken on the surface using a handheld GPS (Garmin Oregon 600), then the ROV headed straight downwards until reaching the bottom. It was then flown at a constant altitude above the seafloor (1 meter), with a known bearing, for approx. 15 minutes at a pace of 0,1m/s, resulting in transects between 90-110 meters, depending on the geomorphological characteristics of the site. Then, it was brought back straight upwards to the surface and a second GPS point was recorded. If, for weather or logistic reasons, it was not possible to retrieve the second GPS point, it was calculated afterwards using distance and bearing.	-64.32058333333333		-62.923633333333335		-64.3206	-62.9236			2024-02-13	16:00-03:00/16:30-03:00	FALSE	2024-02-13T16:00-0300	2024-02-13T16:30-0300	2024-02-13T19:00:00Z	2024-02-13T19:30:00Z	30	minutes
TANGO2_RD_3	Melchior Island, North Omega	https://data.aad.gov.au/aadc/gaz/scar/display_name.cfm?gaz_id=110104	RD	2024-02-14T00:00:00Z		1899-12-31T08:20:00Z	1899-12-31T08:40:00Z	08:20-03:00/08:40-03:00	2024-02-14	0.01388888888888884	Henri Robert		64°19,198	62°55,115	64°19,164	62°54,881	18	22		727	740				https://www.wikidata.org/wiki/Q137398578	Rauschert Dredge | https://doi.org/10.5281/zenodo.11653690 | A “Rauschert” dredge (RD) was used at each working area to sample the general macro-benthic communities. This small dredge designed by Biologist Martin Rauschert (AWI) several decades ago is an excellent tool (widely used in the scientific benthic research community) to capture a large diversity of specimen of all taxa and keep them in a good shape for further identification and processing. The dredge consists of a 50x50x20 cm double sided sledge-like metal frame that slides on the sea floor (on either side). Organisms are lifted from the sediment surface by a chain that scrapes the seabed under the dredge’s frame. At the bottom of the dredge a large 50x70x20 cm bag of 500µ mesh is attached to collect all the floating organisms lifted by the chain. This collecting bag is protected by a coarse nylon 1 cm mesh size bag to support the weight of the sample collected. Both bags are protected on top and at the bottom by a rubber carpet that covers the whole surface of the collecting bag. The RD is usually deployed from a zodiac but can also be deployed from the deck of Australis. The RD is being held and hauled by a rope of at least 1.5 times the length of the depth of deployment. A distance of 100 meter is travelled to the end point of deployment at very low speed that allows the dredge to sweep the sea floor without floating above the ground. At the end point the rope is pulled by hand until the RD reaches the water surface. The whole device containing the samples in its bags is placed in a bucket for further processing on the ship’s deck. A total of 15 RD was deployed during the TANGO2 expedition at each station’s point of interest (deeper “pools”, canyons, channel slope, plateau).	-64.31996666666667	-64.3194	-62.91858333333333	-62.914683333333336	-64.3197	-62.9166	198.43067770244488	119	2024-02-14	08:20-03:00/08:40-03:00	FALSE	2024-02-14T08:20-0300	2024-02-14T08:40-0300	2024-02-14T11:20:00Z	2024-02-14T11:40:00Z	20	minutes
TANGO2_DIV_8	Melchior Island, South Omega	https://data.aad.gov.au/aadc/gaz/scar/display_name.cfm?gaz_id=110104	DIV	2024-02-14T00:00:00Z		1899-12-31T10:35:00Z	1899-12-31T11:19:00Z	10:35-03:00/11:19-03:00	2024-02-14	0.030555555555555503	Lea Katz | Martin Dogniez	https://orcid.org/0000-0001-5748-602X | https://orcid.org/0000-0002-9708-1761	64°20,4257	62°57,0102				29		741		Sea urchins Survey			https://www.wikidata.org/wiki/Q137398578	Scuba Divers | https://doi.org/10.5281/zenodo.11653690 | Diving activities are reported in the cruise report (see Table 17 Summary of diving activities during TANGO2). Underwater imagery was shot by the divers Team (Lucas Terrana, Lea Katz, Camille Moreau, Martin Dogniez and Anthony Voisin).	-64.34042833333334		-62.95017		-64.3404	-62.9502			2024-02-14	10:35-03:00/11:19-03:00	FALSE	2024-02-14T10:35-0300	2024-02-14T11:19-0300	2024-02-14T13:35:00Z	2024-02-14T14:19:00Z	44	minutes
TANGO2_ROV_6	Melchior Island, South Omega	https://data.aad.gov.au/aadc/gaz/scar/display_name.cfm?gaz_id=110104	ROV	2024-02-14T00:00:00Z		1899-12-31T14:20:00Z	1899-12-31T14:30:00Z	14:20-03:00/14:30-03:00	2024-02-14	0.00694444444444442	Lea Katz | Henri Robert	https://orcid.org/0000-0001-5748-602X	64°20,4257	62°57,0102						823	825	Leak detected			https://www.wikidata.org/wiki/Q137398578	Remotely Operated Vehicle | https://doi.org/10.5281/zenodo.11653690 | A small affordable Remotely Operated Vehicle (ROV), the BlueROV2 from BlueRobotics, was equipped with a downward looking GoPro (HERO10), a single-beam sonar and a pair of lasers. The ROV was deployed from the Australis itself or from a Bombard C4 tender. With a person managing the tether to assist the pilot. GPS coordinates were taken on the surface using a handheld GPS (Garmin Oregon 600), then the ROV headed straight downwards until reaching the bottom. It was then flown at a constant altitude above the seafloor (1 meter), with a known bearing, for approx. 15 minutes at a pace of 0,1m/s, resulting in transects between 90-110 meters, depending on the geomorphological characteristics of the site. Then, it was brought back straight upwards to the surface and a second GPS point was recorded. If, for weather or logistic reasons, it was not possible to retrieve the second GPS point, it was calculated afterwards using distance and bearing.	-64.34042833333334		-62.95017		-64.3404	-62.9502			2024-02-14	14:20-03:00/14:30-03:00	FALSE	2024-02-14T14:20-0300	2024-02-14T14:30-0300	2024-02-14T17:20:00Z	2024-02-14T17:30:00Z	10	minutes
TANGO2_AT_2	Melchior Island, South Omega	https://data.aad.gov.au/aadc/gaz/scar/display_name.cfm?gaz_id=110104	AT	2024-02-14T00:00:00Z	2024-02-16T00:00:00Z	1899-12-31T17:30:00Z	1899-12-31T15:30:00Z		2024-02-14T17:30-03:00/2024-02-16T15:30-03:00	46.000000000116415	Henri Robert		64°20,288	62°56,675						782	822	Delayed			https://www.wikidata.org/wiki/Q137398578	Amphipod Trap | https://doi.org/10.5281/zenodo.11653690 | Baited “amphipod trap” (AT) are used to capture scavenging communities present in the selected areas. The “homemade” type of trap used during the expedition are composed of a coarse plastic mesh for protection of a 500µ fine mesh rolled around two rings of PVC pipes to produce a cylinder of 15x40 cm. Both end of the trap are equipped with a funnel with a 2 cm opening directed inward to prevent organisms to escape after penetrating the trap. The bait used consists of mackerel tied inside the trap. Traps are deployed in pairs, secured together with a metal frame. A 5kg ballast weight is used to anchor the traps on ground level. The system holds to a rope equipped with a sailing buoy floating at the surface for easy spotting and recovery of the trap. The device is deployed for a minimum of 24 hours and maximum 48 hours. Longer deployment may allow scavengers to completely consume the bait, roam around and eventually escape from the trap. Shorter deployment time may not provide enough time for detection of the bait by the scavenger. At each sampling station, AT were deployed at two different locations bringing the deployment total to 6 AT for the TANGO2 expedition.	-64.33813333333333		-62.944583333333334		-64.3381	-62.9446			2024-02-14T17:30-03:00/2024-02-16T15:30-03:00		TRUE	2024-02-14T17:30-0300	2024-02-16T15:30-0300	2024-02-14T20:30:00Z	2024-02-16T18:30:00Z	2760	minutes
TANGO2_DIV_9	Melchior Island, South Omega	https://data.aad.gov.au/aadc/gaz/scar/display_name.cfm?gaz_id=110104	DIV	2024-02-14T00:00:00Z		1899-12-31T10:13:00Z	1899-12-31T10:48:00Z	10:13-03:00/10:48-03:00	2024-02-14	0.02430555555555558	Lucas Terrana | Camille Moreau	https://orcid.org/0000-0001-5767-3220 | https://orcid.org/0000-0002-0981-7442	64°20,4257	62°57,0102				23		829	834	Cores			https://www.wikidata.org/wiki/Q137398578	Scuba Divers | https://doi.org/10.5281/zenodo.11653690 | Diving activities are reported in the cruise report (see Table 17 Summary of diving activities during TANGO2). Underwater imagery was shot by the divers Team (Lucas Terrana, Lea Katz, Camille Moreau, Martin Dogniez and Anthony Voisin).	-64.34042833333334		-62.95017		-64.3404	-62.9502			2024-02-14	10:13-03:00/10:48-03:00	FALSE	2024-02-14T10:13-0300	2024-02-14T10:48-0300	2024-02-14T13:13:00Z	2024-02-14T13:48:00Z	35	minutes
TANGO2_DIV_10	Melchior Island, South Omega	https://data.aad.gov.au/aadc/gaz/scar/display_name.cfm?gaz_id=110104	DIV	2024-02-14T00:00:00Z		1899-12-31T15:24:00Z	1899-12-31T16:09:00Z	15:24-03:00/16:09-03:00	2024-02-14	0.03124999999999989	Martin Dogniez | Lucas Terrana | Camille Moreau	https://orcid.org/0000-0002-9708-1761 | https://orcid.org/0000-0001-5767-3220 | https://orcid.org/0000-0002-0981-7442	64°20,2488	62°57,4466	64°20,2384	62°57,4618		30		742	781	Sea urchins Survey			https://www.wikidata.org/wiki/Q137398578	Scuba Divers | https://doi.org/10.5281/zenodo.11653690 | Diving activities are reported in the cruise report (see Table 17 Summary of diving activities during TANGO2). Underwater imagery was shot by the divers Team (Lucas Terrana, Lea Katz, Camille Moreau, Martin Dogniez and Anthony Voisin).	-64.33748	-64.33730666666666	-62.95744333333333	-62.95769666666666	-64.3374	-62.9576	22.83569883440436	31	2024-02-14	15:24-03:00/16:09-03:00	FALSE	2024-02-14T15:24-0300	2024-02-14T16:09-0300	2024-02-14T18:24:00Z	2024-02-14T19:09:00Z	45	minutes
TANGO2_NIS_19	Melchior Island, South Omega	https://data.aad.gov.au/aadc/gaz/scar/display_name.cfm?gaz_id=110104	NIS	2024-02-14T00:00:00Z		1899-12-31T15:51:00Z	1899-12-31T15:56:00Z	15:51-03:00/15:56-03:00	2024-02-14	0.00347222222222221	Axelle Brusselman | Manon Bayat	https://orcid.org/0009-0002-6669-2911						0		835	841		64.338114	62.942048	https://www.wikidata.org/wiki/Q137398578	Niskin bottle | https://doi.org/10.5281/zenodo.11653690 | Water samples were collected using Niskin bottles during NIS events as part of the expedition environmental parameters and biogeochemistry work. See Table 5 (Parameters to be measured in the water column) and Table 11 (Overview of the sampling effort … (DIV = diving event, NIS = Niskin event)) for the list of parameters and station-level sampling effort details.									2024-02-14	15:51-03:00/15:56-03:00	FALSE	2024-02-14T15:51-0300	2024-02-14T15:56-0300	2024-02-14T18:51:00Z	2024-02-14T18:56:00Z	5	minutes
TANGO2_NIS_20	Melchior Island, South Omega	https://data.aad.gov.au/aadc/gaz/scar/display_name.cfm?gaz_id=110104	NIS	2024-02-14T00:00:00Z		1899-12-31T16:00:00Z	1899-12-31T16:05:00Z	16:00-03:00/16:05-03:00	2024-02-14	0.00347222222222221	Axelle Brusselman | Manon Bayat	https://orcid.org/0009-0002-6669-2911						0		842	848		64.337592	62.943357	https://www.wikidata.org/wiki/Q137398578	Niskin bottle | https://doi.org/10.5281/zenodo.11653690 | Water samples were collected using Niskin bottles during NIS events as part of the expedition environmental parameters and biogeochemistry work. See Table 5 (Parameters to be measured in the water column) and Table 11 (Overview of the sampling effort … (DIV = diving event, NIS = Niskin event)) for the list of parameters and station-level sampling effort details.									2024-02-14	16:00-03:00/16:05-03:00	FALSE	2024-02-14T16:00-0300	2024-02-14T16:05-0300	2024-02-14T19:00:00Z	2024-02-14T19:05:00Z	5	minutes
TANGO2_NIS_21	Melchior Island, South Omega	https://data.aad.gov.au/aadc/gaz/scar/display_name.cfm?gaz_id=110104	NIS	2024-02-14T00:00:00Z		1899-12-31T16:07:00Z	1899-12-31T16:12:00Z	16:07-03:00/16:12-03:00	2024-02-14	0.003472222222222099	Axelle Brusselman | Manon Bayat	https://orcid.org/0009-0002-6669-2911						0		849	855		64.336912	62.944378	https://www.wikidata.org/wiki/Q137398578	Niskin bottle | https://doi.org/10.5281/zenodo.11653690 | Water samples were collected using Niskin bottles during NIS events as part of the expedition environmental parameters and biogeochemistry work. See Table 5 (Parameters to be measured in the water column) and Table 11 (Overview of the sampling effort … (DIV = diving event, NIS = Niskin event)) for the list of parameters and station-level sampling effort details.									2024-02-14	16:07-03:00/16:12-03:00	FALSE	2024-02-14T16:07-0300	2024-02-14T16:12-0300	2024-02-14T19:07:00Z	2024-02-14T19:12:00Z	5	minutes
TANGO2_NIS_22	Melchior Island, South Omega	https://data.aad.gov.au/aadc/gaz/scar/display_name.cfm?gaz_id=110104	NIS	2024-02-14T00:00:00Z		1899-12-31T16:20:00Z	1899-12-31T16:25:00Z	16:20-03:00/16:25-03:00	2024-02-14	0.003472222222222321	Axelle Brusselman | Manon Bayat	https://orcid.org/0009-0002-6669-2911						0		856	862		64.338719	62.946636	https://www.wikidata.org/wiki/Q137398578	Niskin bottle | https://doi.org/10.5281/zenodo.11653690 | Water samples were collected using Niskin bottles during NIS events as part of the expedition environmental parameters and biogeochemistry work. See Table 5 (Parameters to be measured in the water column) and Table 11 (Overview of the sampling effort … (DIV = diving event, NIS = Niskin event)) for the list of parameters and station-level sampling effort details.									2024-02-14	16:20-03:00/16:25-03:00	FALSE	2024-02-14T16:20-0300	2024-02-14T16:25-0300	2024-02-14T19:20:00Z	2024-02-14T19:25:00Z	5	minutes
TANGO2_NIS_23	Melchior Island, South Omega	https://data.aad.gov.au/aadc/gaz/scar/display_name.cfm?gaz_id=110104	NIS	2024-02-14T00:00:00Z		1899-12-31T16:30:00Z	1899-12-31T16:35:00Z	16:30-03:00/16:35-03:00	2024-02-14	0.00347222222222221	Axelle Brusselman | Manon Bayat	https://orcid.org/0009-0002-6669-2911						0		863	869		64.338943	62.962942	https://www.wikidata.org/wiki/Q137398578	Niskin bottle | https://doi.org/10.5281/zenodo.11653690 | Water samples were collected using Niskin bottles during NIS events as part of the expedition environmental parameters and biogeochemistry work. See Table 5 (Parameters to be measured in the water column) and Table 11 (Overview of the sampling effort … (DIV = diving event, NIS = Niskin event)) for the list of parameters and station-level sampling effort details.									2024-02-14	16:30-03:00/16:35-03:00	FALSE	2024-02-14T16:30-0300	2024-02-14T16:35-0300	2024-02-14T19:30:00Z	2024-02-14T19:35:00Z	5	minutes
TANGO2_NIS_24	Melchior Island, South Omega	https://data.aad.gov.au/aadc/gaz/scar/display_name.cfm?gaz_id=110104	NIS	2024-02-14T00:00:00Z		1899-12-31T16:40:00Z	1899-12-31T16:45:00Z	16:40-03:00/16:45-03:00	2024-02-14	0.003472222222222099	Axelle Brusselman | Manon Bayat	https://orcid.org/0009-0002-6669-2911						0		870	876		64.3389	62.953002	https://www.wikidata.org/wiki/Q137398578	Niskin bottle | https://doi.org/10.5281/zenodo.11653690 | Water samples were collected using Niskin bottles during NIS events as part of the expedition environmental parameters and biogeochemistry work. See Table 5 (Parameters to be measured in the water column) and Table 11 (Overview of the sampling effort … (DIV = diving event, NIS = Niskin event)) for the list of parameters and station-level sampling effort details.									2024-02-14	16:40-03:00/16:45-03:00	FALSE	2024-02-14T16:40-0300	2024-02-14T16:45-0300	2024-02-14T19:40:00Z	2024-02-14T19:45:00Z	5	minutes
TANGO2_NIS_25	Melchior Island, South Omega	https://data.aad.gov.au/aadc/gaz/scar/display_name.cfm?gaz_id=110104	NIS	2024-02-14T00:00:00Z		1899-12-31T16:47:00Z	1899-12-31T16:52:00Z	16:47-03:00/16:52-03:00	2024-02-14	0.00347222222222221	Axelle Brusselman | Manon Bayat	https://orcid.org/0009-0002-6669-2911						0		877	883		64.338494	62.949796	https://www.wikidata.org/wiki/Q137398578	Niskin bottle | https://doi.org/10.5281/zenodo.11653690 | Water samples were collected using Niskin bottles during NIS events as part of the expedition environmental parameters and biogeochemistry work. See Table 5 (Parameters to be measured in the water column) and Table 11 (Overview of the sampling effort … (DIV = diving event, NIS = Niskin event)) for the list of parameters and station-level sampling effort details.									2024-02-14	16:47-03:00/16:52-03:00	FALSE	2024-02-14T16:47-0300	2024-02-14T16:52-0300	2024-02-14T19:47:00Z	2024-02-14T19:52:00Z	5	minutes
TANGO2_NIS_26	Melchior Island, South Omega	https://data.aad.gov.au/aadc/gaz/scar/display_name.cfm?gaz_id=110104	NIS	2024-02-14T00:00:00Z		1899-12-31T17:43:00Z	1899-12-31T17:48:00Z	17:43-03:00/17:48-03:00	2024-02-14	0.003472222222222321	Axelle Brusselman | Manon Bayat	https://orcid.org/0009-0002-6669-2911						0		884	890		64.338843	62.945368	https://www.wikidata.org/wiki/Q137398578	Niskin bottle | https://doi.org/10.5281/zenodo.11653690 | Water samples were collected using Niskin bottles during NIS events as part of the expedition environmental parameters and biogeochemistry work. See Table 5 (Parameters to be measured in the water column) and Table 11 (Overview of the sampling effort … (DIV = diving event, NIS = Niskin event)) for the list of parameters and station-level sampling effort details.									2024-02-14	17:43-03:00/17:48-03:00	FALSE	2024-02-14T17:43-0300	2024-02-14T17:48-0300	2024-02-14T20:43:00Z	2024-02-14T20:48:00Z	5	minutes
TANGO2_NIS_27	Melchior Island, South Omega	https://data.aad.gov.au/aadc/gaz/scar/display_name.cfm?gaz_id=110104	NIS	2024-02-14T00:00:00Z		1899-12-31T17:59:00Z	1899-12-31T18:04:00Z	17:59-03:00/18:04-03:00	2024-02-14	0.00347222222222221	Axelle Brusselman | Manon Bayat	https://orcid.org/0009-0002-6669-2911						0		891	897	Big Runoff	64.336832	62.940458	https://www.wikidata.org/wiki/Q137398578	Niskin bottle | https://doi.org/10.5281/zenodo.11653690 | Water samples were collected using Niskin bottles during NIS events as part of the expedition environmental parameters and biogeochemistry work. See Table 5 (Parameters to be measured in the water column) and Table 11 (Overview of the sampling effort … (DIV = diving event, NIS = Niskin event)) for the list of parameters and station-level sampling effort details.									2024-02-14	17:59-03:00/18:04-03:00	FALSE	2024-02-14T17:59-0300	2024-02-14T18:04-0300	2024-02-14T20:59:00Z	2024-02-14T21:04:00Z	5	minutes
TANGO2_NIS_28	Melchior Island, South Omega	https://data.aad.gov.au/aadc/gaz/scar/display_name.cfm?gaz_id=110104	NIS	2024-02-14T00:00:00Z		1899-12-31T18:09:00Z	1899-12-31T18:14:00Z	18:09-03:00/18:14-03:00	2024-02-14	0.003472222222222321	Axelle Brusselman | Manon Bayat	https://orcid.org/0009-0002-6669-2911						0		898	904	Small Runoff	64.337611	62.940158	https://www.wikidata.org/wiki/Q137398578	Niskin bottle | https://doi.org/10.5281/zenodo.11653690 | Water samples were collected using Niskin bottles during NIS events as part of the expedition environmental parameters and biogeochemistry work. See Table 5 (Parameters to be measured in the water column) and Table 11 (Overview of the sampling effort … (DIV = diving event, NIS = Niskin event)) for the list of parameters and station-level sampling effort details.									2024-02-14	18:09-03:00/18:14-03:00	FALSE	2024-02-14T18:09-0300	2024-02-14T18:14-0300	2024-02-14T21:09:00Z	2024-02-14T21:14:00Z	5	minutes
TANGO2_NIS_29	Melchior Island, South Omega	https://data.aad.gov.au/aadc/gaz/scar/display_name.cfm?gaz_id=110104	NIS	2024-02-14T00:00:00Z		1899-12-31T18:16:00Z	1899-12-31T18:21:00Z	18:16-03:00/18:21-03:00	2024-02-14	0.003472222222222321	Axelle Brusselman | Manon Bayat	https://orcid.org/0009-0002-6669-2911						0		905	911	Direct Runoff	64.337611	62.940158	https://www.wikidata.org/wiki/Q137398578	Niskin bottle | https://doi.org/10.5281/zenodo.11653690 | Water samples were collected using Niskin bottles during NIS events as part of the expedition environmental parameters and biogeochemistry work. See Table 5 (Parameters to be measured in the water column) and Table 11 (Overview of the sampling effort … (DIV = diving event, NIS = Niskin event)) for the list of parameters and station-level sampling effort details.									2024-02-14	18:16-03:00/18:21-03:00	FALSE	2024-02-14T18:16-0300	2024-02-14T18:21-0300	2024-02-14T21:16:00Z	2024-02-14T21:21:00Z	5	minutes
TANGO2_NIS_30	Melchior Island, South Omega	https://data.aad.gov.au/aadc/gaz/scar/display_name.cfm?gaz_id=110104	NIS	2024-02-14T00:00:00Z		1899-12-31T18:33:00Z	1899-12-31T18:38:00Z	18:33-03:00/18:38-03:00	2024-02-14	0.00347222222222221	Axelle Brusselman | Manon Bayat	https://orcid.org/0009-0002-6669-2911						0		912	918	Brash Ice	64.338597	62.94292	https://www.wikidata.org/wiki/Q137398578	Niskin bottle | https://doi.org/10.5281/zenodo.11653690 | Water samples were collected using Niskin bottles during NIS events as part of the expedition environmental parameters and biogeochemistry work. See Table 5 (Parameters to be measured in the water column) and Table 11 (Overview of the sampling effort … (DIV = diving event, NIS = Niskin event)) for the list of parameters and station-level sampling effort details.									2024-02-14	18:33-03:00/18:38-03:00	FALSE	2024-02-14T18:33-0300	2024-02-14T18:38-0300	2024-02-14T21:33:00Z	2024-02-14T21:38:00Z	5	minutes
TANGO2_NIS_31	Melchior Island, South Omega	https://data.aad.gov.au/aadc/gaz/scar/display_name.cfm?gaz_id=110104	NIS	2024-02-14T00:00:00Z		1899-12-31T18:40:00Z	1899-12-31T18:45:00Z	18:40-03:00/18:45-03:00	2024-02-14	0.00347222222222221	Axelle Brusselman | Manon Bayat	https://orcid.org/0009-0002-6669-2911						0		919	925	Brash Ice	64.338759	62.94267	https://www.wikidata.org/wiki/Q137398578	Niskin bottle | https://doi.org/10.5281/zenodo.11653690 | Water samples were collected using Niskin bottles during NIS events as part of the expedition environmental parameters and biogeochemistry work. See Table 5 (Parameters to be measured in the water column) and Table 11 (Overview of the sampling effort … (DIV = diving event, NIS = Niskin event)) for the list of parameters and station-level sampling effort details.									2024-02-14	18:40-03:00/18:45-03:00	FALSE	2024-02-14T18:40-0300	2024-02-14T18:45-0300	2024-02-14T21:40:00Z	2024-02-14T21:45:00Z	5	minutes
TANGO2_NIS_32	Melchior Island, South Omega	https://data.aad.gov.au/aadc/gaz/scar/display_name.cfm?gaz_id=110104	NIS	2024-02-14T00:00:00Z		1899-12-31T18:47:00Z	1899-12-31T18:52:00Z	18:47-03:00/18:52-03:00	2024-02-14	0.003472222222222099	Axelle Brusselman | Manon Bayat	https://orcid.org/0009-0002-6669-2911						0		926	932	Brash Ice	64.339007	62.942603	https://www.wikidata.org/wiki/Q137398578	Niskin bottle | https://doi.org/10.5281/zenodo.11653690 | Water samples were collected using Niskin bottles during NIS events as part of the expedition environmental parameters and biogeochemistry work. See Table 5 (Parameters to be measured in the water column) and Table 11 (Overview of the sampling effort … (DIV = diving event, NIS = Niskin event)) for the list of parameters and station-level sampling effort details.									2024-02-14	18:47-03:00/18:52-03:00	FALSE	2024-02-14T18:47-0300	2024-02-14T18:52-0300	2024-02-14T21:47:00Z	2024-02-14T21:52:00Z	5	minutes
TANGO2_RD_4	Melchior Island, South Omega	https://data.aad.gov.au/aadc/gaz/scar/display_name.cfm?gaz_id=110104	RD	2024-02-15T00:00:00Z		1899-12-31T08:30:00Z	1899-12-31T08:50:00Z	08:30-03:00/08:50-03:00	2024-02-15	0.013888888888888895	Henri Robert		64°20,308	62°56,694	64°20,346	62°56,774	15	22		962	974				https://www.wikidata.org/wiki/Q137398578	Rauschert Dredge | https://doi.org/10.5281/zenodo.11653690 | A “Rauschert” dredge (RD) was used at each working area to sample the general macro-benthic communities. This small dredge designed by Biologist Martin Rauschert (AWI) several decades ago is an excellent tool (widely used in the scientific benthic research community) to capture a large diversity of specimen of all taxa and keep them in a good shape for further identification and processing. The dredge consists of a 50x50x20 cm double sided sledge-like metal frame that slides on the sea floor (on either side). Organisms are lifted from the sediment surface by a chain that scrapes the seabed under the dredge’s frame. At the bottom of the dredge a large 50x70x20 cm bag of 500µ mesh is attached to collect all the floating organisms lifted by the chain. This collecting bag is protected by a coarse nylon 1 cm mesh size bag to support the weight of the sample collected. Both bags are protected on top and at the bottom by a rubber carpet that covers the whole surface of the collecting bag. The RD is usually deployed from a zodiac but can also be deployed from the deck of Australis. The RD is being held and hauled by a rope of at least 1.5 times the length of the depth of deployment. A distance of 100 meter is travelled to the end point of deployment at very low speed that allows the dredge to sweep the sea floor without floating above the ground. At the end point the rope is pulled by hand until the RD reaches the water surface. The whole device containing the samples in its bags is placed in a bucket for further processing on the ship’s deck. A total of 15 RD was deployed during the TANGO2 expedition at each station’s point of interest (deeper “pools”, canyons, channel slope, plateau).	-64.33846666666666	-64.3391	-62.9449	-62.94623333333333	-64.3388	-62.9456	95.40414228551455	68	2024-02-15	08:30-03:00/08:50-03:00	FALSE	2024-02-15T08:30-0300	2024-02-15T08:50-0300	2024-02-15T11:30:00Z	2024-02-15T11:50:00Z	20	minutes
TANGO2_DIV_11	Melchior Island, South Omega	https://data.aad.gov.au/aadc/gaz/scar/display_name.cfm?gaz_id=110104	DIV	2024-02-15T00:00:00Z		1899-12-31T09:16:00Z	1899-12-31T09:54:00Z	09:16-03:00/09:54-03:00	2024-02-15	0.026388888888888906	Martin Dogniez | Anthony Voisin	https://orcid.org/0000-0002-9708-1761 | https://orcid.org/0000-0003-3696-4445	64°20,3399	61°56,5532				19		1022	1186	Trophic Quadrats			https://www.wikidata.org/wiki/Q137398578	Scuba Divers | https://doi.org/10.5281/zenodo.11653690 | Diving activities are reported in the cruise report (see Table 17 Summary of diving activities during TANGO2). Underwater imagery was shot by the divers Team (Lucas Terrana, Lea Katz, Camille Moreau, Martin Dogniez and Anthony Voisin).	-64.33899833333334		-61.942553333333336		-64.339	-61.9426			2024-02-15	09:16-03:00/09:54-03:00	FALSE	2024-02-15T09:16-0300	2024-02-15T09:54-0300	2024-02-15T12:16:00Z	2024-02-15T12:54:00Z	38	minutes
TANGO2_NIS_33	Melchior Island, South Omega	https://data.aad.gov.au/aadc/gaz/scar/display_name.cfm?gaz_id=110104	NIS	2024-02-15T00:00:00Z		1899-12-31T14:00:00Z	1899-12-31T15:30:00Z	14:00-03:00/15:30-03:00	2024-02-15	0.0625	Axelle Brusselman | Emil De Borger	https://orcid.org/0009-0002-6669-2911 | https://orcid.org/0000-0003-4905-1637	64°20,3399	61°56,5532			0	25		996	1008				https://www.wikidata.org/wiki/Q137398578	Niskin bottle | https://doi.org/10.5281/zenodo.11653690 | Water samples were collected using Niskin bottles during NIS events as part of the expedition environmental parameters and biogeochemistry work. See Table 5 (Parameters to be measured in the water column) and Table 11 (Overview of the sampling effort … (DIV = diving event, NIS = Niskin event)) for the list of parameters and station-level sampling effort details.	-64.33899833333334		-61.942553333333336		-64.339	-61.9426			2024-02-15	14:00-03:00/15:30-03:00	FALSE	2024-02-15T14:00-0300	2024-02-15T15:30-0300	2024-02-15T17:00:00Z	2024-02-15T18:30:00Z	90	minutes
TANGO2_ROV_7	Melchior Island, South Omega	https://data.aad.gov.au/aadc/gaz/scar/display_name.cfm?gaz_id=110104	ROV	2024-02-15T00:00:00Z		1899-12-31T10:20:00Z	1899-12-31T12:00:00Z	10:20-03:00/12:00-03:00	2024-02-15	0.06944444444444442	Lea Katz | Manon Bayat	https://orcid.org/0000-0001-5748-602X	64°20,343	62°56,551						977	987	3 transects			https://www.wikidata.org/wiki/Q137398578	Remotely Operated Vehicle | https://doi.org/10.5281/zenodo.11653690 | A small affordable Remotely Operated Vehicle (ROV), the BlueROV2 from BlueRobotics, was equipped with a downward looking GoPro (HERO10), a single-beam sonar and a pair of lasers. The ROV was deployed from the Australis itself or from a Bombard C4 tender. With a person managing the tether to assist the pilot. GPS coordinates were taken on the surface using a handheld GPS (Garmin Oregon 600), then the ROV headed straight downwards until reaching the bottom. It was then flown at a constant altitude above the seafloor (1 meter), with a known bearing, for approx. 15 minutes at a pace of 0,1m/s, resulting in transects between 90-110 meters, depending on the geomorphological characteristics of the site. Then, it was brought back straight upwards to the surface and a second GPS point was recorded. If, for weather or logistic reasons, it was not possible to retrieve the second GPS point, it was calculated afterwards using distance and bearing.	-64.33905		-62.94251666666667		-64.339	-62.9425			2024-02-15	10:20-03:00/12:00-03:00	FALSE	2024-02-15T10:20-0300	2024-02-15T12:00-0300	2024-02-15T13:20:00Z	2024-02-15T15:00:00Z	100	minutes
TANGO2_INC_2	Melchior Island, South Omega	https://data.aad.gov.au/aadc/gaz/scar/display_name.cfm?gaz_id=110104	INC	2024-02-15T00:00:00Z	2024-02-16T00:00:00Z	1899-12-31T06:00:00Z	1899-12-31T09:30:00Z		2024-02-15T06:00-03:00/2024-02-16T09:30-03:00	27.500000000058208	Axelle Brusselman	https://orcid.org/0009-0002-6669-2911	64°20,343	62°56,551			10	20		1009	1021	Deployment			https://www.wikidata.org/wiki/Q137398578	13C Incubations (AB) | https://doi.org/10.5281/zenodo.11653690 | 13C incubations are listed among the gear deployed during the TANGO 2 expedition (Table 3: List of gear deployed during the TANGO 2 expedition).	-64.33905		-62.94251666666667		-64.339	-62.9425			2024-02-15T06:00-03:00/2024-02-16T09:30-03:00		TRUE	2024-02-15T06:00-0300	2024-02-16T09:30-0300	2024-02-15T09:00:00Z	2024-02-16T12:30:00Z	1650	minutes
TANGO2_NIS_18	Melchior Island, South Omega	https://data.aad.gov.au/aadc/gaz/scar/display_name.cfm?gaz_id=110104	NIS	2024-02-15T00:00:00Z		1899-12-31T10:40:00Z	1899-12-31T11:00:00Z	10:40-03:00/11:00-03:00	2024-02-15	0.013888888888888895	Axelle Brusselman | Bruno Danis	https://orcid.org/0009-0002-6669-2911 | https://orcid.org/0000-0002-9037-7623	64°20,343	62°56,551			0	20		782	822				https://www.wikidata.org/wiki/Q137398578	Niskin bottle | https://doi.org/10.5281/zenodo.11653690 | Water samples were collected using Niskin bottles during NIS events as part of the expedition environmental parameters and biogeochemistry work. See Table 5 (Parameters to be measured in the water column) and Table 11 (Overview of the sampling effort … (DIV = diving event, NIS = Niskin event)) for the list of parameters and station-level sampling effort details.	-64.33905		-62.94251666666667		-64.339	-62.9425			2024-02-15	10:40-03:00/11:00-03:00	FALSE	2024-02-15T10:40-0300	2024-02-15T11:00-0300	2024-02-15T13:40:00Z	2024-02-15T14:00:00Z	20	minutes
TANGO2_RD_5	Melchior Island, South Omega	https://data.aad.gov.au/aadc/gaz/scar/display_name.cfm?gaz_id=110104	RD	2024-02-15T00:00:00Z		1899-12-31T17:30:00Z	1899-12-31T17:50:00Z	17:30-03:00/17:50-03:00	2024-02-15	0.01388888888888884	Henri Robert | Bruno Danis | Lucas Terrana | Ben Wallis	https://orcid.org/0000-0002-9037-7623 | https://orcid.org/0000-0001-5767-3220	64°20,371	62°57,52	64°20,313	62°57,537	20	100		984	995	Up canyon slope			https://www.wikidata.org/wiki/Q137398578	Rauschert Dredge | https://doi.org/10.5281/zenodo.11653690 | A “Rauschert” dredge (RD) was used at each working area to sample the general macro-benthic communities. This small dredge designed by Biologist Martin Rauschert (AWI) several decades ago is an excellent tool (widely used in the scientific benthic research community) to capture a large diversity of specimen of all taxa and keep them in a good shape for further identification and processing. The dredge consists of a 50x50x20 cm double sided sledge-like metal frame that slides on the sea floor (on either side). Organisms are lifted from the sediment surface by a chain that scrapes the seabed under the dredge’s frame. At the bottom of the dredge a large 50x70x20 cm bag of 500µ mesh is attached to collect all the floating organisms lifted by the chain. This collecting bag is protected by a coarse nylon 1 cm mesh size bag to support the weight of the sample collected. Both bags are protected on top and at the bottom by a rubber carpet that covers the whole surface of the collecting bag. The RD is usually deployed from a zodiac but can also be deployed from the deck of Australis. The RD is being held and hauled by a rope of at least 1.5 times the length of the depth of deployment. A distance of 100 meter is travelled to the end point of deployment at very low speed that allows the dredge to sweep the sea floor without floating above the ground. At the end point the rope is pulled by hand until the RD reaches the water surface. The whole device containing the samples in its bags is placed in a bucket for further processing on the ship’s deck. A total of 15 RD was deployed during the TANGO2 expedition at each station’s point of interest (deeper “pools”, canyons, channel slope, plateau).	-64.33951666666667	-64.33855	-62.958666666666666	-62.95895	-64.339	-62.9588	108.47219211966727	74	2024-02-15	17:30-03:00/17:50-03:00	FALSE	2024-02-15T17:30-0300	2024-02-15T17:50-0300	2024-02-15T20:30:00Z	2024-02-15T20:50:00Z	20	minutes
TANGO2_ROV_8	Melchior Island, South Omega	https://data.aad.gov.au/aadc/gaz/scar/display_name.cfm?gaz_id=110104	ROV	2024-02-15T00:00:00Z		1899-12-31T15:44:00Z	1899-12-31T15:54:00Z	15:44-03:00/15:54-03:00	2024-02-15	0.00694444444444442	Lea Katz	https://orcid.org/0000-0001-5748-602X	64°20,252	62°56,694											https://www.wikidata.org/wiki/Q137398578	Remotely Operated Vehicle | https://doi.org/10.5281/zenodo.11653690 | A small affordable Remotely Operated Vehicle (ROV), the BlueROV2 from BlueRobotics, was equipped with a downward looking GoPro (HERO10), a single-beam sonar and a pair of lasers. The ROV was deployed from the Australis itself or from a Bombard C4 tender. With a person managing the tether to assist the pilot. GPS coordinates were taken on the surface using a handheld GPS (Garmin Oregon 600), then the ROV headed straight downwards until reaching the bottom. It was then flown at a constant altitude above the seafloor (1 meter), with a known bearing, for approx. 15 minutes at a pace of 0,1m/s, resulting in transects between 90-110 meters, depending on the geomorphological characteristics of the site. Then, it was brought back straight upwards to the surface and a second GPS point was recorded. If, for weather or logistic reasons, it was not possible to retrieve the second GPS point, it was calculated afterwards using distance and bearing.	-64.33753333333334		-62.9449		-64.3375	-62.9449			2024-02-15	15:44-03:00/15:54-03:00	FALSE	2024-02-15T15:44-0300	2024-02-15T15:54-0300	2024-02-15T18:44:00Z	2024-02-15T18:54:00Z	10	minutes
TANGO2_DRM_2	Melchior Island, South Omega	https://data.aad.gov.au/aadc/gaz/scar/display_name.cfm?gaz_id=110104	DRM	2024-02-15T00:00:00Z		1899-12-31T13:00:00Z	1899-12-31T15:00:00Z	13:00-03:00/15:00-03:00	2024-02-15	0.08333333333333337	Bruno Danis	https://orcid.org/0000-0002-9037-7623	64°20,343	62°56,551					60			Flight time: 86', Surface covered: 17 Ha => DATALOST			https://www.wikidata.org/wiki/Q137398578	Drone Mapping | https://doi.org/10.5281/zenodo.11653690 | Aerial footage was shot by Bruno Danis, Camille Moreau and Henri Robert using DJI MavicPro2, DJI Mavic Mini Pro3 drones, for mapping, photogrammetry and documentation purposes. Drone-derived media were gathered in the framework of the expedition, both for outreach and research purposes.	-64.33905		-62.94251666666667		-64.339	-62.9425			2024-02-15	13:00-03:00/15:00-03:00	FALSE	2024-02-15T13:00-0300	2024-02-15T15:00-0300	2024-02-15T16:00:00Z	2024-02-15T18:00:00Z	120	minutes
TANGO2_RD_6	Melchior Island, South Omega	https://data.aad.gov.au/aadc/gaz/scar/display_name.cfm?gaz_id=110104	RD	2024-02-16T00:00:00Z		1899-12-31T08:30:00Z	1899-12-31T08:40:00Z	08:30-03:00/08:40-03:00	2024-02-16	0.00694444444444442	Henri Robert		64°20,227	62°56,758	64°20,209	62°56,689	5	35		1187	1199				https://www.wikidata.org/wiki/Q137398578	Rauschert Dredge | https://doi.org/10.5281/zenodo.11653690 | A “Rauschert” dredge (RD) was used at each working area to sample the general macro-benthic communities. This small dredge designed by Biologist Martin Rauschert (AWI) several decades ago is an excellent tool (widely used in the scientific benthic research community) to capture a large diversity of specimen of all taxa and keep them in a good shape for further identification and processing. The dredge consists of a 50x50x20 cm double sided sledge-like metal frame that slides on the sea floor (on either side). Organisms are lifted from the sediment surface by a chain that scrapes the seabed under the dredge’s frame. At the bottom of the dredge a large 50x70x20 cm bag of 500µ mesh is attached to collect all the floating organisms lifted by the chain. This collecting bag is protected by a coarse nylon 1 cm mesh size bag to support the weight of the sample collected. Both bags are protected on top and at the bottom by a rubber carpet that covers the whole surface of the collecting bag. The RD is usually deployed from a zodiac but can also be deployed from the deck of Australis. The RD is being held and hauled by a rope of at least 1.5 times the length of the depth of deployment. A distance of 100 meter is travelled to the end point of deployment at very low speed that allows the dredge to sweep the sea floor without floating above the ground. At the end point the rope is pulled by hand until the RD reaches the water surface. The whole device containing the samples in its bags is placed in a bucket for further processing on the ship’s deck. A total of 15 RD was deployed during the TANGO2 expedition at each station’s point of interest (deeper “pools”, canyons, channel slope, plateau).	-64.33711666666666	-64.33681666666666	-62.94596666666666	-62.94481666666667	-64.337	-62.9454	64.72279444836869	52	2024-02-16	08:30-03:00/08:40-03:00	FALSE	2024-02-16T08:30-0300	2024-02-16T08:40-0300	2024-02-16T11:30:00Z	2024-02-16T11:40:00Z	10	minutes
TANGO2_DIV_12	Melchior Island, South Omega	https://data.aad.gov.au/aadc/gaz/scar/display_name.cfm?gaz_id=110104	DIV	2024-02-16T00:00:00Z		1899-12-31T09:00:00Z	1899-12-31T09:54:00Z	09:00-03:00/09:54-03:00	2024-02-16	0.03750000000000003	Martin Dogniez | Anthony Voisin	https://orcid.org/0000-0002-9708-1761 | https://orcid.org/0000-0003-3696-4445	64°20,3399	62°56,5532				20		1261	1450	Several series of IDs!! Also: 1470-1474 and 1451-1469 (Synoicum for Alison)			https://www.wikidata.org/wiki/Q137398578	Scuba Divers | https://doi.org/10.5281/zenodo.11653690 | Diving activities are reported in the cruise report (see Table 17 Summary of diving activities during TANGO2). Underwater imagery was shot by the divers Team (Lucas Terrana, Lea Katz, Camille Moreau, Martin Dogniez and Anthony Voisin).	-64.33899833333334		-62.942553333333336		-64.339	-62.9426			2024-02-16	09:00-03:00/09:54-03:00	FALSE	2024-02-16T09:00-0300	2024-02-16T09:54-0300	2024-02-16T12:00:00Z	2024-02-16T12:54:00Z	54	minutes
TANGO2_ROV_9	Melchior Island, South Omega	https://data.aad.gov.au/aadc/gaz/scar/display_name.cfm?gaz_id=110104	ROV	2024-02-16T00:00:00Z		1899-12-31T09:00:00Z	1899-12-31T10:30:00Z	09:00-03:00/10:30-03:00	2024-02-16	0.0625	Lea Katz | Henri Robert	https://orcid.org/0000-0001-5748-602X	64°20,343	62°56,551				22		1198	1204				https://www.wikidata.org/wiki/Q137398578	Remotely Operated Vehicle | https://doi.org/10.5281/zenodo.11653690 | A small affordable Remotely Operated Vehicle (ROV), the BlueROV2 from BlueRobotics, was equipped with a downward looking GoPro (HERO10), a single-beam sonar and a pair of lasers. The ROV was deployed from the Australis itself or from a Bombard C4 tender. With a person managing the tether to assist the pilot. GPS coordinates were taken on the surface using a handheld GPS (Garmin Oregon 600), then the ROV headed straight downwards until reaching the bottom. It was then flown at a constant altitude above the seafloor (1 meter), with a known bearing, for approx. 15 minutes at a pace of 0,1m/s, resulting in transects between 90-110 meters, depending on the geomorphological characteristics of the site. Then, it was brought back straight upwards to the surface and a second GPS point was recorded. If, for weather or logistic reasons, it was not possible to retrieve the second GPS point, it was calculated afterwards using distance and bearing.	-64.33905		-62.94251666666667		-64.339	-62.9425			2024-02-16	09:00-03:00/10:30-03:00	FALSE	2024-02-16T09:00-0300	2024-02-16T10:30-0300	2024-02-16T12:00:00Z	2024-02-16T13:30:00Z	90	minutes
TANGO2_DIV_13	Melchior Island, South Omega	https://data.aad.gov.au/aadc/gaz/scar/display_name.cfm?gaz_id=110104	DIV	2024-02-16T00:00:00Z		1899-12-31T10:56:00Z	1899-12-31T11:06:00Z	10:56-03:00/11:06-03:00	2024-02-16	0.00694444444444442	Camille Moreau | Lucas Terrana	https://orcid.org/0000-0002-0981-7442 | https://orcid.org/0000-0001-5767-3220	64°19,226	62°55,2654				20		1259	1260				https://www.wikidata.org/wiki/Q137398578	Scuba Divers | https://doi.org/10.5281/zenodo.11653690 | Diving activities are reported in the cruise report (see Table 17 Summary of diving activities during TANGO2). Underwater imagery was shot by the divers Team (Lucas Terrana, Lea Katz, Camille Moreau, Martin Dogniez and Anthony Voisin).	-64.32043333333333		-62.92109		-64.3204	-62.9211			2024-02-16	10:56-03:00/11:06-03:00	FALSE	2024-02-16T10:56-0300	2024-02-16T11:06-0300	2024-02-16T13:56:00Z	2024-02-16T14:06:00Z	10	minutes
TANGO2_VV_1	Melchior Island, South Omega	https://data.aad.gov.au/aadc/gaz/scar/display_name.cfm?gaz_id=110104	VV	2024-02-16T00:00:00Z		1899-12-31T10:20:00Z	1899-12-31T10:35:00Z	10:20-03:00/10:35-03:00	2024-02-16	0.010416666666666685	Ben Wallis | Emil De Borger	https://orcid.org/0000-0003-4905-1637	64°20,343	62°56,551				22		1221	1227				https://www.wikidata.org/wiki/Q137398578		-64.33905		-62.94251666666667		-64.339	-62.9425			2024-02-16	10:20-03:00/10:35-03:00	FALSE	2024-02-16T10:20-0300	2024-02-16T10:35-0300	2024-02-16T13:20:00Z	2024-02-16T13:35:00Z	15	minutes
TANGO2_NIS_34	Melchior Island, South Omega	https://data.aad.gov.au/aadc/gaz/scar/display_name.cfm?gaz_id=110104	NIS	2024-02-16T00:00:00Z					2024-02-16		Axelle Brusselman	https://orcid.org/0009-0002-6669-2911	64°20,343	62°56,551						1228	1258	Several series of IDs!! Also: 1205-1208			https://www.wikidata.org/wiki/Q137398578	Niskin bottle | https://doi.org/10.5281/zenodo.11653690 | Water samples were collected using Niskin bottles during NIS events as part of the expedition environmental parameters and biogeochemistry work. See Table 5 (Parameters to be measured in the water column) and Table 11 (Overview of the sampling effort … (DIV = diving event, NIS = Niskin event)) for the list of parameters and station-level sampling effort details.	-64.33905		-62.94251666666667		-64.339	-62.9425			2024-02-16		FALSE						minutes
TANGO2_ROV_10	Melchior Island, South Omega	https://data.aad.gov.au/aadc/gaz/scar/display_name.cfm?gaz_id=110104	ROV	2024-02-16T00:00:00Z		1899-12-31T14:00:00Z	1899-12-31T15:00:00Z	14:00-03:00/15:00-03:00	2024-02-16	0.04166666666666663	Lea Katz | Henri Robert | Ben Wallis	https://orcid.org/0000-0001-5748-602X	64°20,241	62°57,458				35		1198	1204				https://www.wikidata.org/wiki/Q137398578	Remotely Operated Vehicle | https://doi.org/10.5281/zenodo.11653690 | A small affordable Remotely Operated Vehicle (ROV), the BlueROV2 from BlueRobotics, was equipped with a downward looking GoPro (HERO10), a single-beam sonar and a pair of lasers. The ROV was deployed from the Australis itself or from a Bombard C4 tender. With a person managing the tether to assist the pilot. GPS coordinates were taken on the surface using a handheld GPS (Garmin Oregon 600), then the ROV headed straight downwards until reaching the bottom. It was then flown at a constant altitude above the seafloor (1 meter), with a known bearing, for approx. 15 minutes at a pace of 0,1m/s, resulting in transects between 90-110 meters, depending on the geomorphological characteristics of the site. Then, it was brought back straight upwards to the surface and a second GPS point was recorded. If, for weather or logistic reasons, it was not possible to retrieve the second GPS point, it was calculated afterwards using distance and bearing.	-64.33735		-62.957633333333334		-64.3374	-62.9576			2024-02-16	14:00-03:00/15:00-03:00	FALSE	2024-02-16T14:00-0300	2024-02-16T15:00-0300	2024-02-16T17:00:00Z	2024-02-16T18:00:00Z	60	minutes
TANGO2_ITD_1	Melchior Island, South Omega	https://data.aad.gov.au/aadc/gaz/scar/display_name.cfm?gaz_id=110104	ITD	2024-02-16T00:00:00Z					2024-02-16		Camille Moreau | Lucas Terrana | Manon Bayat	https://orcid.org/0000-0002-0981-7442 | https://orcid.org/0000-0001-5767-3220								1468	1468				https://www.wikidata.org/wiki/Q137398578	Intertidal | https://doi.org/10.5281/zenodo.11653690 | Intertidal is listed among the gear deployed during the TANGO 2 expedition (Table 3: List of gear deployed during the TANGO 2 expedition).									2024-02-16		FALSE						minutes
TANGO2_DRM_3	Melchior Island, South Omega	https://data.aad.gov.au/aadc/gaz/scar/display_name.cfm?gaz_id=110104	DRM	2024-02-16T00:00:00Z		1899-12-31T17:00:00Z	1899-12-31T18:30:00Z	17:00-03:00/18:30-03:00	2024-02-16	0.0625	Bruno Danis	https://orcid.org/0000-0002-9037-7623	64°20,343	62°56,551					60			Flight time: 86', Surface covered: 17 Ha (REDO of DRM_2) => DATALOST			https://www.wikidata.org/wiki/Q137398578	Drone Mapping | https://doi.org/10.5281/zenodo.11653690 | Aerial footage was shot by Bruno Danis, Camille Moreau and Henri Robert using DJI MavicPro2, DJI Mavic Mini Pro3 drones, for mapping, photogrammetry and documentation purposes. Drone-derived media were gathered in the framework of the expedition, both for outreach and research purposes.	-64.33905		-62.94251666666667		-64.339	-62.9425			2024-02-16	17:00-03:00/18:30-03:00	FALSE	2024-02-16T17:00-0300	2024-02-16T18:30-0300	2024-02-16T20:00:00Z	2024-02-16T21:30:00Z	90	minutes
TANGO2_NIS_35	Girard Bay	https://data.aad.gov.au/aadc/gaz/scar/display_name.cfm?gaz_id=109032	NIS	2024-02-17T00:00:00Z		1899-12-31T14:09:00Z	1899-12-31T14:14:00Z	14:09-03:00/14:14-03:00	2024-02-17	0.00347222222222221	Axelle Brusselman | Manon Bayat | Anthony Voisin | Adam Coerper	https://orcid.org/0009-0002-6669-2911 | https://orcid.org/0000-0003-3696-4445						0		1475	1480		65.136085	63.953481	https://www.wikidata.org/wiki/Q137398578	Niskin bottle | https://doi.org/10.5281/zenodo.11653690 | Water samples were collected using Niskin bottles during NIS events as part of the expedition environmental parameters and biogeochemistry work. See Table 5 (Parameters to be measured in the water column) and Table 11 (Overview of the sampling effort … (DIV = diving event, NIS = Niskin event)) for the list of parameters and station-level sampling effort details.									2024-02-17	14:09-03:00/14:14-03:00	FALSE	2024-02-17T14:09-0300	2024-02-17T14:14-0300	2024-02-17T17:09:00Z	2024-02-17T17:14:00Z	5	minutes
TANGO2_NIS_36	Girard Bay	https://data.aad.gov.au/aadc/gaz/scar/display_name.cfm?gaz_id=109032	NIS	2024-02-17T00:00:00Z		1899-12-31T14:16:00Z	1899-12-31T14:21:00Z	14:16-03:00/14:21-03:00	2024-02-17	0.00347222222222221	Axelle Brusselman | Manon Bayat | Anthony Voisin | Adam Coerper	https://orcid.org/0009-0002-6669-2911 | https://orcid.org/0000-0003-3696-4445						0		1481	1486		65.138235	63.950106	https://www.wikidata.org/wiki/Q137398578	Niskin bottle | https://doi.org/10.5281/zenodo.11653690 | Water samples were collected using Niskin bottles during NIS events as part of the expedition environmental parameters and biogeochemistry work. See Table 5 (Parameters to be measured in the water column) and Table 11 (Overview of the sampling effort … (DIV = diving event, NIS = Niskin event)) for the list of parameters and station-level sampling effort details.									2024-02-17	14:16-03:00/14:21-03:00	FALSE	2024-02-17T14:16-0300	2024-02-17T14:21-0300	2024-02-17T17:16:00Z	2024-02-17T17:21:00Z	5	minutes
TANGO2_NIS_37	Girard Bay	https://data.aad.gov.au/aadc/gaz/scar/display_name.cfm?gaz_id=109032	NIS	2024-02-17T00:00:00Z		1899-12-31T14:22:00Z	1899-12-31T14:24:00Z	14:22-03:00/14:24-03:00	2024-02-17	0.001388888888888884	Axelle Brusselman | Manon Bayat | Anthony Voisin | Adam Coerper	https://orcid.org/0009-0002-6669-2911 | https://orcid.org/0000-0003-3696-4445						0		1487	1492		65.142591	63.95075	https://www.wikidata.org/wiki/Q137398578	Niskin bottle | https://doi.org/10.5281/zenodo.11653690 | Water samples were collected using Niskin bottles during NIS events as part of the expedition environmental parameters and biogeochemistry work. See Table 5 (Parameters to be measured in the water column) and Table 11 (Overview of the sampling effort … (DIV = diving event, NIS = Niskin event)) for the list of parameters and station-level sampling effort details.									2024-02-17	14:22-03:00/14:24-03:00	FALSE	2024-02-17T14:22-0300	2024-02-17T14:24-0300	2024-02-17T17:22:00Z	2024-02-17T17:24:00Z	2	minutes
TANGO2_NIS_38	Girard Bay	https://data.aad.gov.au/aadc/gaz/scar/display_name.cfm?gaz_id=109032	NIS	2024-02-17T00:00:00Z		1899-12-31T14:25:00Z	1899-12-31T14:27:00Z	14:25-03:00/14:27-03:00	2024-02-17	0.001388888888888884	Axelle Brusselman | Manon Bayat | Anthony Voisin | Adam Coerper	https://orcid.org/0009-0002-6669-2911 | https://orcid.org/0000-0003-3696-4445						0		1493	1498		65.144788	63.955728	https://www.wikidata.org/wiki/Q137398578	Niskin bottle | https://doi.org/10.5281/zenodo.11653690 | Water samples were collected using Niskin bottles during NIS events as part of the expedition environmental parameters and biogeochemistry work. See Table 5 (Parameters to be measured in the water column) and Table 11 (Overview of the sampling effort … (DIV = diving event, NIS = Niskin event)) for the list of parameters and station-level sampling effort details.									2024-02-17	14:25-03:00/14:27-03:00	FALSE	2024-02-17T14:25-0300	2024-02-17T14:27-0300	2024-02-17T17:25:00Z	2024-02-17T17:27:00Z	2	minutes
TANGO2_NIS_39	Girard Bay	https://data.aad.gov.au/aadc/gaz/scar/display_name.cfm?gaz_id=109032	NIS	2024-02-17T00:00:00Z		1899-12-31T14:30:00Z	1899-12-31T14:32:00Z	14:30-03:00/14:32-03:00	2024-02-17	0.001388888888888884	Axelle Brusselman | Manon Bayat | Anthony Voisin | Adam Coerper	https://orcid.org/0009-0002-6669-2911 | https://orcid.org/0000-0003-3696-4445						0		1499	1504		65.148077	65.96231	https://www.wikidata.org/wiki/Q137398578	Niskin bottle | https://doi.org/10.5281/zenodo.11653690 | Water samples were collected using Niskin bottles during NIS events as part of the expedition environmental parameters and biogeochemistry work. See Table 5 (Parameters to be measured in the water column) and Table 11 (Overview of the sampling effort … (DIV = diving event, NIS = Niskin event)) for the list of parameters and station-level sampling effort details.									2024-02-17	14:30-03:00/14:32-03:00	FALSE	2024-02-17T14:30-0300	2024-02-17T14:32-0300	2024-02-17T17:30:00Z	2024-02-17T17:32:00Z	2	minutes
TANGO2_NIS_40	Girard Bay	https://data.aad.gov.au/aadc/gaz/scar/display_name.cfm?gaz_id=109032	NIS	2024-02-17T00:00:00Z		1899-12-31T14:37:00Z	1899-12-31T14:39:00Z	14:37-03:00/14:39-03:00	2024-02-17	0.001388888888888884	Axelle Brusselman | Manon Bayat | Anthony Voisin | Adam Coerper	https://orcid.org/0009-0002-6669-2911 | https://orcid.org/0000-0003-3696-4445						0		1505	1510		65.145773	63.971766	https://www.wikidata.org/wiki/Q137398578	Niskin bottle | https://doi.org/10.5281/zenodo.11653690 | Water samples were collected using Niskin bottles during NIS events as part of the expedition environmental parameters and biogeochemistry work. See Table 5 (Parameters to be measured in the water column) and Table 11 (Overview of the sampling effort … (DIV = diving event, NIS = Niskin event)) for the list of parameters and station-level sampling effort details.									2024-02-17	14:37-03:00/14:39-03:00	FALSE	2024-02-17T14:37-0300	2024-02-17T14:39-0300	2024-02-17T17:37:00Z	2024-02-17T17:39:00Z	2	minutes
TANGO2_NIS_41	Girard Bay	https://data.aad.gov.au/aadc/gaz/scar/display_name.cfm?gaz_id=109032	NIS	2024-02-17T00:00:00Z		1899-12-31T14:44:00Z	1899-12-31T14:46:00Z	14:44-03:00/14:46-03:00	2024-02-17	0.001388888888888995	Axelle Brusselman | Manon Bayat | Anthony Voisin | Adam Coerper	https://orcid.org/0009-0002-6669-2911 | https://orcid.org/0000-0003-3696-4445						0		1511	1516				https://www.wikidata.org/wiki/Q137398578	Niskin bottle | https://doi.org/10.5281/zenodo.11653690 | Water samples were collected using Niskin bottles during NIS events as part of the expedition environmental parameters and biogeochemistry work. See Table 5 (Parameters to be measured in the water column) and Table 11 (Overview of the sampling effort … (DIV = diving event, NIS = Niskin event)) for the list of parameters and station-level sampling effort details.									2024-02-17	14:44-03:00/14:46-03:00	FALSE	2024-02-17T14:44-0300	2024-02-17T14:46-0300	2024-02-17T17:44:00Z	2024-02-17T17:46:00Z	2	minutes
TANGO2_NIS_42	Girard Bay	https://data.aad.gov.au/aadc/gaz/scar/display_name.cfm?gaz_id=109032	NIS	2024-02-17T00:00:00Z		1899-12-31T14:56:00Z	1899-12-31T14:58:00Z	14:56-03:00/14:58-03:00	2024-02-17	0.001388888888888884	Axelle Brusselman | Manon Bayat | Anthony Voisin | Adam Coerper	https://orcid.org/0009-0002-6669-2911 | https://orcid.org/0000-0003-3696-4445						0		1517	1522				https://www.wikidata.org/wiki/Q137398578	Niskin bottle | https://doi.org/10.5281/zenodo.11653690 | Water samples were collected using Niskin bottles during NIS events as part of the expedition environmental parameters and biogeochemistry work. See Table 5 (Parameters to be measured in the water column) and Table 11 (Overview of the sampling effort … (DIV = diving event, NIS = Niskin event)) for the list of parameters and station-level sampling effort details.									2024-02-17	14:56-03:00/14:58-03:00	FALSE	2024-02-17T14:56-0300	2024-02-17T14:58-0300	2024-02-17T17:56:00Z	2024-02-17T17:58:00Z	2	minutes
TANGO2_NIS_43	Girard Bay	https://data.aad.gov.au/aadc/gaz/scar/display_name.cfm?gaz_id=109032	NIS	2024-02-17T00:00:00Z		1899-12-31T15:00:00Z	1899-12-31T15:02:00Z	15:00-03:00/15:02-03:00	2024-02-17	0.001388888888888884	Axelle Brusselman | Manon Bayat | Anthony Voisin | Adam Coerper	https://orcid.org/0009-0002-6669-2911 | https://orcid.org/0000-0003-3696-4445						0		1523	1528				https://www.wikidata.org/wiki/Q137398578	Niskin bottle | https://doi.org/10.5281/zenodo.11653690 | Water samples were collected using Niskin bottles during NIS events as part of the expedition environmental parameters and biogeochemistry work. See Table 5 (Parameters to be measured in the water column) and Table 11 (Overview of the sampling effort … (DIV = diving event, NIS = Niskin event)) for the list of parameters and station-level sampling effort details.									2024-02-17	15:00-03:00/15:02-03:00	FALSE	2024-02-17T15:00-0300	2024-02-17T15:02-0300	2024-02-17T18:00:00Z	2024-02-17T18:02:00Z	2	minutes
TANGO2_NIS_44	Girard Bay	https://data.aad.gov.au/aadc/gaz/scar/display_name.cfm?gaz_id=109032	NIS	2024-02-17T00:00:00Z		1899-12-31T15:08:00Z	1899-12-31T15:10:00Z	15:08-03:00/15:10-03:00	2024-02-17	0.001388888888888884	Axelle Brusselman | Manon Bayat | Anthony Voisin | Adam Coerper	https://orcid.org/0009-0002-6669-2911 | https://orcid.org/0000-0003-3696-4445						0		1529	1534				https://www.wikidata.org/wiki/Q137398578	Niskin bottle | https://doi.org/10.5281/zenodo.11653690 | Water samples were collected using Niskin bottles during NIS events as part of the expedition environmental parameters and biogeochemistry work. See Table 5 (Parameters to be measured in the water column) and Table 11 (Overview of the sampling effort … (DIV = diving event, NIS = Niskin event)) for the list of parameters and station-level sampling effort details.									2024-02-17	15:08-03:00/15:10-03:00	FALSE	2024-02-17T15:08-0300	2024-02-17T15:10-0300	2024-02-17T18:08:00Z	2024-02-17T18:10:00Z	2	minutes
TANGO2_NIS_45	Girard Bay	https://data.aad.gov.au/aadc/gaz/scar/display_name.cfm?gaz_id=109032	NIS	2024-02-17T00:00:00Z		1899-12-31T15:15:00Z	1899-12-31T15:15:00Z	15:15-03:00/15:15-03:00	2024-02-17	0	Axelle Brusselman | Manon Bayat | Anthony Voisin | Adam Coerper	https://orcid.org/0009-0002-6669-2911 | https://orcid.org/0000-0003-3696-4445						0		1535	1540				https://www.wikidata.org/wiki/Q137398578	Niskin bottle | https://doi.org/10.5281/zenodo.11653690 | Water samples were collected using Niskin bottles during NIS events as part of the expedition environmental parameters and biogeochemistry work. See Table 5 (Parameters to be measured in the water column) and Table 11 (Overview of the sampling effort … (DIV = diving event, NIS = Niskin event)) for the list of parameters and station-level sampling effort details.									2024-02-17	15:15-03:00/15:15-03:00	FALSE	2024-02-17T15:15-0300	2024-02-17T15:15-0300	2024-02-17T18:15:00Z	2024-02-17T18:15:00Z	0	minutes
TANGO2_NIS_46	Girard Bay	https://data.aad.gov.au/aadc/gaz/scar/display_name.cfm?gaz_id=109032	NIS	2024-02-17T00:00:00Z		1899-12-31T15:21:00Z	1899-12-31T15:23:00Z	15:21-03:00/15:23-03:00	2024-02-17	0.001388888888888884	Axelle Brusselman | Manon Bayat | Anthony Voisin | Adam Coerper	https://orcid.org/0009-0002-6669-2911 | https://orcid.org/0000-0003-3696-4445						0		1541	1546				https://www.wikidata.org/wiki/Q137398578	Niskin bottle | https://doi.org/10.5281/zenodo.11653690 | Water samples were collected using Niskin bottles during NIS events as part of the expedition environmental parameters and biogeochemistry work. See Table 5 (Parameters to be measured in the water column) and Table 11 (Overview of the sampling effort … (DIV = diving event, NIS = Niskin event)) for the list of parameters and station-level sampling effort details.									2024-02-17	15:21-03:00/15:23-03:00	FALSE	2024-02-17T15:21-0300	2024-02-17T15:23-0300	2024-02-17T18:21:00Z	2024-02-17T18:23:00Z	2	minutes
TANGO2_NIS_47	Girard Bay	https://data.aad.gov.au/aadc/gaz/scar/display_name.cfm?gaz_id=109032	NIS	2024-02-17T00:00:00Z		1899-12-31T15:27:00Z	1899-12-31T15:29:00Z	15:27-03:00/15:29-03:00	2024-02-17	0.001388888888888884	Axelle Brusselman | Manon Bayat | Anthony Voisin | Adam Coerper	https://orcid.org/0009-0002-6669-2911 | https://orcid.org/0000-0003-3696-4445						0		1547	1552				https://www.wikidata.org/wiki/Q137398578	Niskin bottle | https://doi.org/10.5281/zenodo.11653690 | Water samples were collected using Niskin bottles during NIS events as part of the expedition environmental parameters and biogeochemistry work. See Table 5 (Parameters to be measured in the water column) and Table 11 (Overview of the sampling effort … (DIV = diving event, NIS = Niskin event)) for the list of parameters and station-level sampling effort details.									2024-02-17	15:27-03:00/15:29-03:00	FALSE	2024-02-17T15:27-0300	2024-02-17T15:29-0300	2024-02-17T18:27:00Z	2024-02-17T18:29:00Z	2	minutes
TANGO2_NIS_48	Girard Bay	https://data.aad.gov.au/aadc/gaz/scar/display_name.cfm?gaz_id=109032	NIS	2024-02-17T00:00:00Z		1899-12-31T15:33:00Z	1899-12-31T15:35:00Z	15:33-03:00/15:35-03:00	2024-02-17	0.001388888888888884	Axelle Brusselman | Manon Bayat | Anthony Voisin | Adam Coerper	https://orcid.org/0009-0002-6669-2911 | https://orcid.org/0000-0003-3696-4445						0		1553	1558				https://www.wikidata.org/wiki/Q137398578	Niskin bottle | https://doi.org/10.5281/zenodo.11653690 | Water samples were collected using Niskin bottles during NIS events as part of the expedition environmental parameters and biogeochemistry work. See Table 5 (Parameters to be measured in the water column) and Table 11 (Overview of the sampling effort … (DIV = diving event, NIS = Niskin event)) for the list of parameters and station-level sampling effort details.									2024-02-17	15:33-03:00/15:35-03:00	FALSE	2024-02-17T15:33-0300	2024-02-17T15:35-0300	2024-02-17T18:33:00Z	2024-02-17T18:35:00Z	2	minutes
TANGO2_DIV_14	Hovgaard Islands	https://data.aad.gov.au/aadc/gaz/scar/display_name.cfm?gaz_id=109398	DIV	2024-02-17T00:00:00Z		1899-12-31T17:03:00Z	1899-12-31T17:40:00Z	17:03-03:00/17:40-03:00	2024-02-17	0.025694444444444464	Camille Moreau | Lucas Terrana	https://orcid.org/0000-0002-0981-7442 | https://orcid.org/0000-0001-5767-3220	65°06,079	64°04,951				20							https://www.wikidata.org/wiki/Q137398578	Scuba Divers | https://doi.org/10.5281/zenodo.11653690 | Diving activities are reported in the cruise report (see Table 17 Summary of diving activities during TANGO2). Underwater imagery was shot by the divers Team (Lucas Terrana, Lea Katz, Camille Moreau, Martin Dogniez and Anthony Voisin).	-65.10131666666666		-64.08251666666666		-65.1013	-64.0825			2024-02-17	17:03-03:00/17:40-03:00	FALSE	2024-02-17T17:03-0300	2024-02-17T17:40-0300	2024-02-17T20:03:00Z	2024-02-17T20:40:00Z	37	minutes
TANGO2_ST_2	Hovgaard Islands	https://data.aad.gov.au/aadc/gaz/scar/display_name.cfm?gaz_id=109398	ST	2024-02-17T00:00:00Z	2024-02-21T00:00:00Z	1899-12-31T18:09:00Z	1899-12-31T14:20:00Z		2024-02-17T18:09-03:00/2024-02-21T14:20-03:00	92.18333333329065	Axelle Brusselman | Adam Coerper	https://orcid.org/0009-0002-6669-2911	65°6,445	64°4,483						3166	3175		65.103909	64.084684	https://www.wikidata.org/wiki/Q137398578	Sediment Traps | https://doi.org/10.5281/zenodo.11653690 | Sediment Traps are listed among the gear deployed during the TANGO 2 expedition (Table 3: List of gear deployed during the TANGO 2 expedition).	-65.10741666666667		-64.07471666666666		-65.1074	-64.074700000000007			2024-02-17T18:09-03:00/2024-02-21T14:20-03:00		TRUE	2024-02-17T18:09-0300	2024-02-21T14:20-0300	2024-02-17T21:09:00Z	2024-02-21T17:20:00Z	5531	minutes
TANGO2_AT_3	Hovgaard Islands	https://data.aad.gov.au/aadc/gaz/scar/display_name.cfm?gaz_id=109398	AT	2024-02-17T00:00:00Z	2024-02-19T00:00:00Z	1899-12-31T17:45:00Z	1899-12-31T16:00:00Z		2024-02-17T17:45-03:00/2024-02-19T16:00-03:00	46.249999999883585	Henri Robert | Adam Coerper		65°06,24	64°51,54											https://www.wikidata.org/wiki/Q137398578	Amphipod Trap | https://doi.org/10.5281/zenodo.11653690 | Baited “amphipod trap” (AT) are used to capture scavenging communities present in the selected areas. The “homemade” type of trap used during the expedition are composed of a coarse plastic mesh for protection of a 500µ fine mesh rolled around two rings of PVC pipes to produce a cylinder of 15x40 cm. Both end of the trap are equipped with a funnel with a 2 cm opening directed inward to prevent organisms to escape after penetrating the trap. The bait used consists of mackerel tied inside the trap. Traps are deployed in pairs, secured together with a metal frame. A 5kg ballast weight is used to anchor the traps on ground level. The system holds to a rope equipped with a sailing buoy floating at the surface for easy spotting and recovery of the trap. The device is deployed for a minimum of 24 hours and maximum 48 hours. Longer deployment may allow scavengers to completely consume the bait, roam around and eventually escape from the trap. Shorter deployment time may not provide enough time for detection of the bait by the scavenger. At each sampling station, AT were deployed at two different locations bringing the deployment total to 6 AT for the TANGO2 expedition.	-65.104		-64.859		-65.104	-64.859			2024-02-17T17:45-03:00/2024-02-19T16:00-03:00		TRUE	2024-02-17T17:45-0300	2024-02-19T16:00-0300	2024-02-17T20:45:00Z	2024-02-19T19:00:00Z	2775	minutes
TANGO2_ROV_11	Hovgaard Islands	https://data.aad.gov.au/aadc/gaz/scar/display_name.cfm?gaz_id=109398	ROV	2024-02-17T00:00:00Z		1899-12-31T17:00:00Z	1899-12-31T17:30:00Z	17:00-03:00/17:30-03:00	2024-02-17	0.02083333333333326	Lea Katz | Henri Robert	https://orcid.org/0000-0001-5748-602X	65°06,079	64°04,951											https://www.wikidata.org/wiki/Q137398578	Remotely Operated Vehicle | https://doi.org/10.5281/zenodo.11653690 | A small affordable Remotely Operated Vehicle (ROV), the BlueROV2 from BlueRobotics, was equipped with a downward looking GoPro (HERO10), a single-beam sonar and a pair of lasers. The ROV was deployed from the Australis itself or from a Bombard C4 tender. With a person managing the tether to assist the pilot. GPS coordinates were taken on the surface using a handheld GPS (Garmin Oregon 600), then the ROV headed straight downwards until reaching the bottom. It was then flown at a constant altitude above the seafloor (1 meter), with a known bearing, for approx. 15 minutes at a pace of 0,1m/s, resulting in transects between 90-110 meters, depending on the geomorphological characteristics of the site. Then, it was brought back straight upwards to the surface and a second GPS point was recorded. If, for weather or logistic reasons, it was not possible to retrieve the second GPS point, it was calculated afterwards using distance and bearing.	-65.10131666666666		-64.08251666666666		-65.1013	-64.0825			2024-02-17	17:00-03:00/17:30-03:00	FALSE	2024-02-17T17:00-0300	2024-02-17T17:30-0300	2024-02-17T20:00:00Z	2024-02-17T20:30:00Z	30	minutes
TANGO2_RD_7	Hovgaard Islands	https://data.aad.gov.au/aadc/gaz/scar/display_name.cfm?gaz_id=109398	RD	2024-02-18T00:00:00Z		1899-12-31T08:20:00Z	1899-12-31T08:40:00Z	08:20-03:00/08:40-03:00	2024-02-18	0.013888888888888895	Henri Robert		65°06,227	64°05,02	65°06,234	64°04,865	18	23		1591	1606				https://www.wikidata.org/wiki/Q137398578	Rauschert Dredge | https://doi.org/10.5281/zenodo.11653690 | A “Rauschert” dredge (RD) was used at each working area to sample the general macro-benthic communities. This small dredge designed by Biologist Martin Rauschert (AWI) several decades ago is an excellent tool (widely used in the scientific benthic research community) to capture a large diversity of specimen of all taxa and keep them in a good shape for further identification and processing. The dredge consists of a 50x50x20 cm double sided sledge-like metal frame that slides on the sea floor (on either side). Organisms are lifted from the sediment surface by a chain that scrapes the seabed under the dredge’s frame. At the bottom of the dredge a large 50x70x20 cm bag of 500µ mesh is attached to collect all the floating organisms lifted by the chain. This collecting bag is protected by a coarse nylon 1 cm mesh size bag to support the weight of the sample collected. Both bags are protected on top and at the bottom by a rubber carpet that covers the whole surface of the collecting bag. The RD is usually deployed from a zodiac but can also be deployed from the deck of Australis. The RD is being held and hauled by a rope of at least 1.5 times the length of the depth of deployment. A distance of 100 meter is travelled to the end point of deployment at very low speed that allows the dredge to sweep the sea floor without floating above the ground. At the end point the rope is pulled by hand until the RD reaches the water surface. The whole device containing the samples in its bags is placed in a bucket for further processing on the ship’s deck. A total of 15 RD was deployed during the TANGO2 expedition at each station’s point of interest (deeper “pools”, canyons, channel slope, plateau).	-65.10378333333334	-65.1039	-64.08366666666667	-64.08108333333334	-65.1038	-64.0824	121.75666268787666	81	2024-02-18	08:20-03:00/08:40-03:00	FALSE	2024-02-18T08:20-0300	2024-02-18T08:40-0300	2024-02-18T11:20:00Z	2024-02-18T11:40:00Z	20	minutes
TANGO2_DIV_15	Hovgaard Islands	https://data.aad.gov.au/aadc/gaz/scar/display_name.cfm?gaz_id=109398	DIV	2024-02-18T00:00:00Z		1899-12-31T09:13:00Z	1899-12-31T10:00:00Z	09:13-03:00/10:00-03:00	2024-02-18	0.032638888888888884	Lea Katz | Lucas Terrana | Alice Reade	https://orcid.org/0000-0001-5748-602X | https://orcid.org/0000-0001-5767-3220	65°06,2195	64°05,089				15		1606	1676		65.106638	64.075528	https://www.wikidata.org/wiki/Q137398578	Scuba Divers | https://doi.org/10.5281/zenodo.11653690 | Diving activities are reported in the cruise report (see Table 17 Summary of diving activities during TANGO2). Underwater imagery was shot by the divers Team (Lucas Terrana, Lea Katz, Camille Moreau, Martin Dogniez and Anthony Voisin).	-65.10365833333333		-64.08481666666667		-65.1037	-64.0848			2024-02-18	09:13-03:00/10:00-03:00	FALSE	2024-02-18T09:13-0300	2024-02-18T10:00-0300	2024-02-18T12:13:00Z	2024-02-18T13:00:00Z	47	minutes
TANGO2_DIV_16	Hovgaard Islands	https://data.aad.gov.au/aadc/gaz/scar/display_name.cfm?gaz_id=109398	DIV	2024-02-18T00:00:00Z		1899-12-31T09:18:00Z	1899-12-31T09:55:00Z	09:18-03:00/09:55-03:00	2024-02-18	0.02569444444444441	Camille Moreau | Martin Dogniez	https://orcid.org/0000-0002-0981-7442 | https://orcid.org/0000-0002-9708-1761						20		1690	2000		65.062195	64.05089	https://www.wikidata.org/wiki/Q137398578	Scuba Divers | https://doi.org/10.5281/zenodo.11653690 | Diving activities are reported in the cruise report (see Table 17 Summary of diving activities during TANGO2). Underwater imagery was shot by the divers Team (Lucas Terrana, Lea Katz, Camille Moreau, Martin Dogniez and Anthony Voisin).									2024-02-18	09:18-03:00/09:55-03:00	FALSE	2024-02-18T09:18-0300	2024-02-18T09:55-0300	2024-02-18T12:18:00Z	2024-02-18T12:55:00Z	37	minutes
TANGO2_ROV_12	Hovgaard Islands	https://data.aad.gov.au/aadc/gaz/scar/display_name.cfm?gaz_id=109398	ROV	2024-02-18T00:00:00Z		1899-12-31T16:00:00Z	1899-12-31T17:00:00Z	16:00-03:00/17:00-03:00	2024-02-18	0.04166666666666674	Lea Katz | Henri Robert	https://orcid.org/0000-0001-5748-602X	65°06,079	64°04,951						1676	1686				https://www.wikidata.org/wiki/Q137398578	Remotely Operated Vehicle | https://doi.org/10.5281/zenodo.11653690 | A small affordable Remotely Operated Vehicle (ROV), the BlueROV2 from BlueRobotics, was equipped with a downward looking GoPro (HERO10), a single-beam sonar and a pair of lasers. The ROV was deployed from the Australis itself or from a Bombard C4 tender. With a person managing the tether to assist the pilot. GPS coordinates were taken on the surface using a handheld GPS (Garmin Oregon 600), then the ROV headed straight downwards until reaching the bottom. It was then flown at a constant altitude above the seafloor (1 meter), with a known bearing, for approx. 15 minutes at a pace of 0,1m/s, resulting in transects between 90-110 meters, depending on the geomorphological characteristics of the site. Then, it was brought back straight upwards to the surface and a second GPS point was recorded. If, for weather or logistic reasons, it was not possible to retrieve the second GPS point, it was calculated afterwards using distance and bearing.	-65.10131666666666		-64.08251666666666		-65.1013	-64.0825			2024-02-18	16:00-03:00/17:00-03:00	FALSE	2024-02-18T16:00-0300	2024-02-18T17:00-0300	2024-02-18T19:00:00Z	2024-02-18T20:00:00Z	60	minutes
TANGO2_NIS_49	Hovgaard Islands	https://data.aad.gov.au/aadc/gaz/scar/display_name.cfm?gaz_id=109398	NIS	2024-02-18T00:00:00Z		1899-12-31T14:30:00Z	1899-12-31T14:35:00Z	14:30-03:00/14:35-03:00	2024-02-18	0.00347222222222221	Axelle Brusselman | Alice Reade	https://orcid.org/0009-0002-6669-2911								2001	2006		65.10596	64.120036	https://www.wikidata.org/wiki/Q137398578	Niskin bottle | https://doi.org/10.5281/zenodo.11653690 | Water samples were collected using Niskin bottles during NIS events as part of the expedition environmental parameters and biogeochemistry work. See Table 5 (Parameters to be measured in the water column) and Table 11 (Overview of the sampling effort … (DIV = diving event, NIS = Niskin event)) for the list of parameters and station-level sampling effort details.									2024-02-18	14:30-03:00/14:35-03:00	FALSE	2024-02-18T14:30-0300	2024-02-18T14:35-0300	2024-02-18T17:30:00Z	2024-02-18T17:35:00Z	5	minutes
TANGO2_NIS_50	Hovgaard Islands	https://data.aad.gov.au/aadc/gaz/scar/display_name.cfm?gaz_id=109398	NIS	2024-02-18T00:00:00Z		1899-12-31T15:00:00Z	1899-12-31T15:05:00Z	15:00-03:00/15:05-03:00	2024-02-18	0.00347222222222221	Axelle Brusselman | Alice Reade	https://orcid.org/0009-0002-6669-2911								2007	2012		65.106447	64.115325	https://www.wikidata.org/wiki/Q137398578	Niskin bottle | https://doi.org/10.5281/zenodo.11653690 | Water samples were collected using Niskin bottles during NIS events as part of the expedition environmental parameters and biogeochemistry work. See Table 5 (Parameters to be measured in the water column) and Table 11 (Overview of the sampling effort … (DIV = diving event, NIS = Niskin event)) for the list of parameters and station-level sampling effort details.									2024-02-18	15:00-03:00/15:05-03:00	FALSE	2024-02-18T15:00-0300	2024-02-18T15:05-0300	2024-02-18T18:00:00Z	2024-02-18T18:05:00Z	5	minutes
TANGO2_NIS_51	Hovgaard Islands	https://data.aad.gov.au/aadc/gaz/scar/display_name.cfm?gaz_id=109398	NIS	2024-02-18T00:00:00Z		1899-12-31T15:07:00Z	1899-12-31T15:12:00Z	15:07-03:00/15:12-03:00	2024-02-18	0.00347222222222221	Axelle Brusselman | Alice Reade	https://orcid.org/0009-0002-6669-2911								2013	2018		65.10616	64.108621	https://www.wikidata.org/wiki/Q137398578	Niskin bottle | https://doi.org/10.5281/zenodo.11653690 | Water samples were collected using Niskin bottles during NIS events as part of the expedition environmental parameters and biogeochemistry work. See Table 5 (Parameters to be measured in the water column) and Table 11 (Overview of the sampling effort … (DIV = diving event, NIS = Niskin event)) for the list of parameters and station-level sampling effort details.									2024-02-18	15:07-03:00/15:12-03:00	FALSE	2024-02-18T15:07-0300	2024-02-18T15:12-0300	2024-02-18T18:07:00Z	2024-02-18T18:12:00Z	5	minutes
TANGO2_NIS_52	Hovgaard Islands	https://data.aad.gov.au/aadc/gaz/scar/display_name.cfm?gaz_id=109398	NIS	2024-02-18T00:00:00Z		1899-12-31T15:15:00Z	1899-12-31T15:20:00Z	15:15-03:00/15:20-03:00	2024-02-18	0.00347222222222221	Axelle Brusselman | Alice Reade	https://orcid.org/0009-0002-6669-2911								2019	2024		65.106247	64.104144	https://www.wikidata.org/wiki/Q137398578	Niskin bottle | https://doi.org/10.5281/zenodo.11653690 | Water samples were collected using Niskin bottles during NIS events as part of the expedition environmental parameters and biogeochemistry work. See Table 5 (Parameters to be measured in the water column) and Table 11 (Overview of the sampling effort … (DIV = diving event, NIS = Niskin event)) for the list of parameters and station-level sampling effort details.									2024-02-18	15:15-03:00/15:20-03:00	FALSE	2024-02-18T15:15-0300	2024-02-18T15:20-0300	2024-02-18T18:15:00Z	2024-02-18T18:20:00Z	5	minutes
TANGO2_NIS_53	Hovgaard Islands	https://data.aad.gov.au/aadc/gaz/scar/display_name.cfm?gaz_id=109398	NIS	2024-02-18T00:00:00Z		1899-12-31T15:23:00Z	1899-12-31T15:28:00Z	15:23-03:00/15:28-03:00	2024-02-18	0.00347222222222221	Axelle Brusselman | Alice Reade	https://orcid.org/0009-0002-6669-2911								2025	2030		65.106026	64.097845	https://www.wikidata.org/wiki/Q137398578	Niskin bottle | https://doi.org/10.5281/zenodo.11653690 | Water samples were collected using Niskin bottles during NIS events as part of the expedition environmental parameters and biogeochemistry work. See Table 5 (Parameters to be measured in the water column) and Table 11 (Overview of the sampling effort … (DIV = diving event, NIS = Niskin event)) for the list of parameters and station-level sampling effort details.									2024-02-18	15:23-03:00/15:28-03:00	FALSE	2024-02-18T15:23-0300	2024-02-18T15:28-0300	2024-02-18T18:23:00Z	2024-02-18T18:28:00Z	5	minutes
TANGO2_NIS_54	Hovgaard Islands	https://data.aad.gov.au/aadc/gaz/scar/display_name.cfm?gaz_id=109398	NIS	2024-02-18T00:00:00Z		1899-12-31T15:30:00Z	1899-12-31T15:35:00Z	15:30-03:00/15:35-03:00	2024-02-18	0.00347222222222221	Axelle Brusselman | Alice Reade	https://orcid.org/0009-0002-6669-2911								2031	2036		65.105689	64.091125	https://www.wikidata.org/wiki/Q137398578	Niskin bottle | https://doi.org/10.5281/zenodo.11653690 | Water samples were collected using Niskin bottles during NIS events as part of the expedition environmental parameters and biogeochemistry work. See Table 5 (Parameters to be measured in the water column) and Table 11 (Overview of the sampling effort … (DIV = diving event, NIS = Niskin event)) for the list of parameters and station-level sampling effort details.									2024-02-18	15:30-03:00/15:35-03:00	FALSE	2024-02-18T15:30-0300	2024-02-18T15:35-0300	2024-02-18T18:30:00Z	2024-02-18T18:35:00Z	5	minutes
TANGO2_NIS_55	Hovgaard Islands	https://data.aad.gov.au/aadc/gaz/scar/display_name.cfm?gaz_id=109398	NIS	2024-02-18T00:00:00Z		1899-12-31T15:37:00Z	1899-12-31T15:42:00Z	15:37-03:00/15:42-03:00	2024-02-18	0.00347222222222221	Axelle Brusselman | Alice Reade	https://orcid.org/0009-0002-6669-2911								2037	2042		65.104217	64.087837	https://www.wikidata.org/wiki/Q137398578	Niskin bottle | https://doi.org/10.5281/zenodo.11653690 | Water samples were collected using Niskin bottles during NIS events as part of the expedition environmental parameters and biogeochemistry work. See Table 5 (Parameters to be measured in the water column) and Table 11 (Overview of the sampling effort … (DIV = diving event, NIS = Niskin event)) for the list of parameters and station-level sampling effort details.									2024-02-18	15:37-03:00/15:42-03:00	FALSE	2024-02-18T15:37-0300	2024-02-18T15:42-0300	2024-02-18T18:37:00Z	2024-02-18T18:42:00Z	5	minutes
TANGO2_NIS_56	Hovgaard Islands	https://data.aad.gov.au/aadc/gaz/scar/display_name.cfm?gaz_id=109398	NIS	2024-02-18T00:00:00Z		1899-12-31T16:04:00Z	1899-12-31T16:09:00Z	16:04-03:00/16:09-03:00	2024-02-18	0.003472222222222321	Axelle Brusselman | Alice Reade	https://orcid.org/0009-0002-6669-2911								2043	2048		65.103483	64.083863	https://www.wikidata.org/wiki/Q137398578	Niskin bottle | https://doi.org/10.5281/zenodo.11653690 | Water samples were collected using Niskin bottles during NIS events as part of the expedition environmental parameters and biogeochemistry work. See Table 5 (Parameters to be measured in the water column) and Table 11 (Overview of the sampling effort … (DIV = diving event, NIS = Niskin event)) for the list of parameters and station-level sampling effort details.									2024-02-18	16:04-03:00/16:09-03:00	FALSE	2024-02-18T16:04-0300	2024-02-18T16:09-0300	2024-02-18T19:04:00Z	2024-02-18T19:09:00Z	5	minutes
TANGO2_NIS_57	Hovgaard Islands	https://data.aad.gov.au/aadc/gaz/scar/display_name.cfm?gaz_id=109398	NIS	2024-02-18T00:00:00Z		1899-12-31T16:16:00Z	1899-12-31T16:21:00Z	16:16-03:00/16:21-03:00	2024-02-18	0.00347222222222221	Axelle Brusselman | Alice Reade	https://orcid.org/0009-0002-6669-2911								2049	2054		65.102765	64.083364	https://www.wikidata.org/wiki/Q137398578	Niskin bottle | https://doi.org/10.5281/zenodo.11653690 | Water samples were collected using Niskin bottles during NIS events as part of the expedition environmental parameters and biogeochemistry work. See Table 5 (Parameters to be measured in the water column) and Table 11 (Overview of the sampling effort … (DIV = diving event, NIS = Niskin event)) for the list of parameters and station-level sampling effort details.									2024-02-18	16:16-03:00/16:21-03:00	FALSE	2024-02-18T16:16-0300	2024-02-18T16:21-0300	2024-02-18T19:16:00Z	2024-02-18T19:21:00Z	5	minutes
TANGO2_NIS_58	Hovgaard Islands	https://data.aad.gov.au/aadc/gaz/scar/display_name.cfm?gaz_id=109398	NIS	2024-02-18T00:00:00Z		1899-12-31T16:24:00Z	1899-12-31T16:29:00Z	16:24-03:00/16:29-03:00	2024-02-18	0.00347222222222221	Axelle Brusselman | Alice Reade	https://orcid.org/0009-0002-6669-2911								2055	2060		65.102189	64.088686	https://www.wikidata.org/wiki/Q137398578	Niskin bottle | https://doi.org/10.5281/zenodo.11653690 | Water samples were collected using Niskin bottles during NIS events as part of the expedition environmental parameters and biogeochemistry work. See Table 5 (Parameters to be measured in the water column) and Table 11 (Overview of the sampling effort … (DIV = diving event, NIS = Niskin event)) for the list of parameters and station-level sampling effort details.									2024-02-18	16:24-03:00/16:29-03:00	FALSE	2024-02-18T16:24-0300	2024-02-18T16:29-0300	2024-02-18T19:24:00Z	2024-02-18T19:29:00Z	5	minutes
TANGO2_NIS_59	Hovgaard Islands	https://data.aad.gov.au/aadc/gaz/scar/display_name.cfm?gaz_id=109398	NIS	2024-02-18T00:00:00Z		1899-12-31T16:32:00Z	1899-12-31T16:37:00Z	16:32-03:00/16:37-03:00	2024-02-18	0.00347222222222221	Axelle Brusselman | Alice Reade	https://orcid.org/0009-0002-6669-2911								2061	2066		65.100755	64.084089	https://www.wikidata.org/wiki/Q137398578	Niskin bottle | https://doi.org/10.5281/zenodo.11653690 | Water samples were collected using Niskin bottles during NIS events as part of the expedition environmental parameters and biogeochemistry work. See Table 5 (Parameters to be measured in the water column) and Table 11 (Overview of the sampling effort … (DIV = diving event, NIS = Niskin event)) for the list of parameters and station-level sampling effort details.									2024-02-18	16:32-03:00/16:37-03:00	FALSE	2024-02-18T16:32-0300	2024-02-18T16:37-0300	2024-02-18T19:32:00Z	2024-02-18T19:37:00Z	5	minutes
TANGO2_NIS_60	Hovgaard Islands	https://data.aad.gov.au/aadc/gaz/scar/display_name.cfm?gaz_id=109398	NIS	2024-02-18T00:00:00Z		1899-12-31T16:40:00Z	1899-12-31T16:45:00Z	16:40-03:00/16:45-03:00	2024-02-18	0.00347222222222221	Axelle Brusselman | Alice Reade	https://orcid.org/0009-0002-6669-2911								2067	2072		65.099483	64.078529	https://www.wikidata.org/wiki/Q137398578	Niskin bottle | https://doi.org/10.5281/zenodo.11653690 | Water samples were collected using Niskin bottles during NIS events as part of the expedition environmental parameters and biogeochemistry work. See Table 5 (Parameters to be measured in the water column) and Table 11 (Overview of the sampling effort … (DIV = diving event, NIS = Niskin event)) for the list of parameters and station-level sampling effort details.									2024-02-18	16:40-03:00/16:45-03:00	FALSE	2024-02-18T16:40-0300	2024-02-18T16:45-0300	2024-02-18T19:40:00Z	2024-02-18T19:45:00Z	5	minutes
TANGO2_NIS_61	Hovgaard Islands	https://data.aad.gov.au/aadc/gaz/scar/display_name.cfm?gaz_id=109398	NIS	2024-02-18T00:00:00Z		1899-12-31T16:48:00Z	1899-12-31T16:53:00Z	16:48-03:00/16:53-03:00	2024-02-18	0.003472222222222321	Axelle Brusselman | Alice Reade	https://orcid.org/0009-0002-6669-2911								2073	2078		65.100973	64.079692	https://www.wikidata.org/wiki/Q137398578	Niskin bottle | https://doi.org/10.5281/zenodo.11653690 | Water samples were collected using Niskin bottles during NIS events as part of the expedition environmental parameters and biogeochemistry work. See Table 5 (Parameters to be measured in the water column) and Table 11 (Overview of the sampling effort … (DIV = diving event, NIS = Niskin event)) for the list of parameters and station-level sampling effort details.									2024-02-18	16:48-03:00/16:53-03:00	FALSE	2024-02-18T16:48-0300	2024-02-18T16:53-0300	2024-02-18T19:48:00Z	2024-02-18T19:53:00Z	5	minutes
TANGO2_NIS_62	Hovgaard Islands	https://data.aad.gov.au/aadc/gaz/scar/display_name.cfm?gaz_id=109398	NIS	2024-02-18T00:00:00Z		1899-12-31T16:55:00Z	1899-12-31T17:00:00Z	16:55-03:00/17:00-03:00	2024-02-18	0.00347222222222221	Axelle Brusselman | Alice Reade	https://orcid.org/0009-0002-6669-2911								2079	2084		65.101675	64.080303	https://www.wikidata.org/wiki/Q137398578	Niskin bottle | https://doi.org/10.5281/zenodo.11653690 | Water samples were collected using Niskin bottles during NIS events as part of the expedition environmental parameters and biogeochemistry work. See Table 5 (Parameters to be measured in the water column) and Table 11 (Overview of the sampling effort … (DIV = diving event, NIS = Niskin event)) for the list of parameters and station-level sampling effort details.									2024-02-18	16:55-03:00/17:00-03:00	FALSE	2024-02-18T16:55-0300	2024-02-18T17:00-0300	2024-02-18T19:55:00Z	2024-02-18T20:00:00Z	5	minutes
TANGO2_DIV_17	Hovgaard Islands	https://data.aad.gov.au/aadc/gaz/scar/display_name.cfm?gaz_id=109398	DIV	2024-02-18T00:00:00Z		1899-12-31T15:58:00Z	1899-12-31T16:44:00Z	15:58-03:00/16:44-03:00	2024-02-18	0.03194444444444444	Camille Moreau | Lucas Terrana | Ben Wallis	https://orcid.org/0000-0002-0981-7442 | https://orcid.org/0000-0001-5767-3220	65°05,7952	64°06,3859				32		2101	2140				https://www.wikidata.org/wiki/Q137398578	Scuba Divers | https://doi.org/10.5281/zenodo.11653690 | Diving activities are reported in the cruise report (see Table 17 Summary of diving activities during TANGO2). Underwater imagery was shot by the divers Team (Lucas Terrana, Lea Katz, Camille Moreau, Martin Dogniez and Anthony Voisin).	-65.09658666666667		-64.10643166666667		-65.0966	-64.1064			2024-02-18	15:58-03:00/16:44-03:00	FALSE	2024-02-18T15:58-0300	2024-02-18T16:44-0300	2024-02-18T18:58:00Z	2024-02-18T19:44:00Z	46	minutes
TANGO2_RD_8	Hovgaard Islands	https://data.aad.gov.au/aadc/gaz/scar/display_name.cfm?gaz_id=109398	RD	2024-02-19T00:00:00Z		1899-12-31T08:20:00Z	1899-12-31T08:40:00Z	08:20-03:00/08:40-03:00	2024-02-19	0.013888888888888895	Henri Robert		65°6,569	64°4,469	65°6,414	64°4,444	15	22		2141	2150				https://www.wikidata.org/wiki/Q137398578	Rauschert Dredge | https://doi.org/10.5281/zenodo.11653690 | A “Rauschert” dredge (RD) was used at each working area to sample the general macro-benthic communities. This small dredge designed by Biologist Martin Rauschert (AWI) several decades ago is an excellent tool (widely used in the scientific benthic research community) to capture a large diversity of specimen of all taxa and keep them in a good shape for further identification and processing. The dredge consists of a 50x50x20 cm double sided sledge-like metal frame that slides on the sea floor (on either side). Organisms are lifted from the sediment surface by a chain that scrapes the seabed under the dredge’s frame. At the bottom of the dredge a large 50x70x20 cm bag of 500µ mesh is attached to collect all the floating organisms lifted by the chain. This collecting bag is protected by a coarse nylon 1 cm mesh size bag to support the weight of the sample collected. Both bags are protected on top and at the bottom by a rubber carpet that covers the whole surface of the collecting bag. The RD is usually deployed from a zodiac but can also be deployed from the deck of Australis. The RD is being held and hauled by a rope of at least 1.5 times the length of the depth of deployment. A distance of 100 meter is travelled to the end point of deployment at very low speed that allows the dredge to sweep the sea floor without floating above the ground. At the end point the rope is pulled by hand until the RD reaches the water surface. The whole device containing the samples in its bags is placed in a bucket for further processing on the ship’s deck. A total of 15 RD was deployed during the TANGO2 expedition at each station’s point of interest (deeper “pools”, canyons, channel slope, plateau).	-65.10948333333333	-65.1069	-64.07448333333333	-64.07406666666667	-65.1082	-64.0743	288.2372769234776	164	2024-02-19	08:20-03:00/08:40-03:00	FALSE	2024-02-19T08:20-0300	2024-02-19T08:40-0300	2024-02-19T11:20:00Z	2024-02-19T11:40:00Z	20	minutes
TANGO2_INC_3	Hovgaard Islands	https://data.aad.gov.au/aadc/gaz/scar/display_name.cfm?gaz_id=109398	INC	2024-02-19T00:00:00Z	2024-02-20T00:00:00Z	1899-12-31T06:00:00Z	1899-12-31T09:30:00Z		2024-02-19T06:00-03:00/2024-02-20T09:30-03:00	27.500000000058208	Axelle Brusselman	https://orcid.org/0009-0002-6669-2911	65°06,079	64°04,950			5	15		2156	2168				https://www.wikidata.org/wiki/Q137398578	13C Incubations (AB) | https://doi.org/10.5281/zenodo.11653690 | 13C incubations are listed among the gear deployed during the TANGO 2 expedition (Table 3: List of gear deployed during the TANGO 2 expedition).	-65.10131666666666		-64.0825		-65.1013	-64.0825			2024-02-19T06:00-03:00/2024-02-20T09:30-03:00		TRUE	2024-02-19T06:00-0300	2024-02-20T09:30-0300	2024-02-19T09:00:00Z	2024-02-20T12:30:00Z	1650	minutes
TANGO2_DIV_18	Hovgaard Islands	https://data.aad.gov.au/aadc/gaz/scar/display_name.cfm?gaz_id=109398	DIV	2024-02-19T00:00:00Z		1899-12-31T09:17:00Z	1899-12-31T10:09:00Z	09:17-03:00/10:09-03:00	2024-02-19	0.036111111111111094	Martin Dogniez | Anthony Voisin	https://orcid.org/0000-0002-9708-1761 | https://orcid.org/0000-0003-3696-4445	65°06,2268	64°05,469				20		2431	2732				https://www.wikidata.org/wiki/Q137398578	Scuba Divers | https://doi.org/10.5281/zenodo.11653690 | Diving activities are reported in the cruise report (see Table 17 Summary of diving activities during TANGO2). Underwater imagery was shot by the divers Team (Lucas Terrana, Lea Katz, Camille Moreau, Martin Dogniez and Anthony Voisin).	-65.10378		-64.09115		-65.1038	-64.0912			2024-02-19	09:17-03:00/10:09-03:00	FALSE	2024-02-19T09:17-0300	2024-02-19T10:09-0300	2024-02-19T12:17:00Z	2024-02-19T13:09:00Z	52	minutes
TANGO2_DIV_19	Hovgaard Islands	https://data.aad.gov.au/aadc/gaz/scar/display_name.cfm?gaz_id=109398	DIV	2024-02-19T00:00:00Z		1899-12-31T09:40:00Z	1899-12-31T10:35:00Z	09:40-03:00/10:35-03:00	2024-02-19	0.03819444444444442	Camille Moreau | Lucas Terrana | Lea Katz	https://orcid.org/0000-0002-0981-7442 | https://orcid.org/0000-0001-5767-3220 | https://orcid.org/0000-0001-5748-602X	65°05,715	64°05,930				31		2169	2269				https://www.wikidata.org/wiki/Q137398578	Scuba Divers | https://doi.org/10.5281/zenodo.11653690 | Diving activities are reported in the cruise report (see Table 17 Summary of diving activities during TANGO2). Underwater imagery was shot by the divers Team (Lucas Terrana, Lea Katz, Camille Moreau, Martin Dogniez and Anthony Voisin).	-65.09525		-64.09883333333333		-65.0952	-64.0988			2024-02-19	09:40-03:00/10:35-03:00	FALSE	2024-02-19T09:40-0300	2024-02-19T10:35-0300	2024-02-19T12:40:00Z	2024-02-19T13:35:00Z	55	minutes
TANGO2_NIS_63	Hovgaard Islands	https://data.aad.gov.au/aadc/gaz/scar/display_name.cfm?gaz_id=109398	NIS	2024-02-19T00:00:00Z		1899-12-31T11:00:00Z	1899-12-31T12:00:00Z	11:00-03:00/12:00-03:00	2024-02-19	0.041666666666666685	Axelle Brusselman	https://orcid.org/0009-0002-6669-2911	65°06,079	64°04,950						2241	2341				https://www.wikidata.org/wiki/Q137398578	Niskin bottle | https://doi.org/10.5281/zenodo.11653690 | Water samples were collected using Niskin bottles during NIS events as part of the expedition environmental parameters and biogeochemistry work. See Table 5 (Parameters to be measured in the water column) and Table 11 (Overview of the sampling effort … (DIV = diving event, NIS = Niskin event)) for the list of parameters and station-level sampling effort details.	-65.10131666666666		-64.0825		-65.1013	-64.0825			2024-02-19	11:00-03:00/12:00-03:00	FALSE	2024-02-19T11:00-0300	2024-02-19T12:00-0300	2024-02-19T14:00:00Z	2024-02-19T15:00:00Z	60	minutes
TANGO2_ROV_13	Hovgaard Islands	https://data.aad.gov.au/aadc/gaz/scar/display_name.cfm?gaz_id=109398	ROV	2024-02-19T00:00:00Z		1899-12-31T13:00:00Z	1899-12-31T14:20:00Z	13:00-03:00/14:20-03:00	2024-02-19	0.05555555555555558	Lea Katz | Henri Robert	https://orcid.org/0000-0001-5748-602X	65°06,079	64°04,951						2270	2280				https://www.wikidata.org/wiki/Q137398578	Remotely Operated Vehicle | https://doi.org/10.5281/zenodo.11653690 | A small affordable Remotely Operated Vehicle (ROV), the BlueROV2 from BlueRobotics, was equipped with a downward looking GoPro (HERO10), a single-beam sonar and a pair of lasers. The ROV was deployed from the Australis itself or from a Bombard C4 tender. With a person managing the tether to assist the pilot. GPS coordinates were taken on the surface using a handheld GPS (Garmin Oregon 600), then the ROV headed straight downwards until reaching the bottom. It was then flown at a constant altitude above the seafloor (1 meter), with a known bearing, for approx. 15 minutes at a pace of 0,1m/s, resulting in transects between 90-110 meters, depending on the geomorphological characteristics of the site. Then, it was brought back straight upwards to the surface and a second GPS point was recorded. If, for weather or logistic reasons, it was not possible to retrieve the second GPS point, it was calculated afterwards using distance and bearing.	-65.10131666666666		-64.08251666666666		-65.1013	-64.0825			2024-02-19	13:00-03:00/14:20-03:00	FALSE	2024-02-19T13:00-0300	2024-02-19T14:20-0300	2024-02-19T16:00:00Z	2024-02-19T17:20:00Z	80	minutes
TANGO2_NIS_64	Hovgaard Islands	https://data.aad.gov.au/aadc/gaz/scar/display_name.cfm?gaz_id=109398	NIS	2024-02-19T00:00:00Z		1899-12-31T11:00:00Z	1899-12-31T12:00:00Z	11:00-03:00/12:00-03:00	2024-02-19	0.041666666666666685	Axelle Brusselman | Manon Bayat	https://orcid.org/0009-0002-6669-2911	65°06,079	64°04,950			0	20		2342	2346				https://www.wikidata.org/wiki/Q137398578	Niskin bottle | https://doi.org/10.5281/zenodo.11653690 | Water samples were collected using Niskin bottles during NIS events as part of the expedition environmental parameters and biogeochemistry work. See Table 5 (Parameters to be measured in the water column) and Table 11 (Overview of the sampling effort … (DIV = diving event, NIS = Niskin event)) for the list of parameters and station-level sampling effort details.	-65.10131666666666		-64.0825		-65.1013	-64.0825			2024-02-19	11:00-03:00/12:00-03:00	FALSE	2024-02-19T11:00-0300	2024-02-19T12:00-0300	2024-02-19T14:00:00Z	2024-02-19T15:00:00Z	60	minutes
TANGO2_NIS_65	Hovgaard Islands	https://data.aad.gov.au/aadc/gaz/scar/display_name.cfm?gaz_id=109398	NIS	2024-02-19T00:00:00Z		1899-12-31T14:00:00Z	1899-12-31T15:00:00Z	14:00-03:00/15:00-03:00	2024-02-19	0.04166666666666663	Axelle Brusselman | Anthony Voisin | Manon Bayat	https://orcid.org/0009-0002-6669-2911 | https://orcid.org/0000-0003-3696-4445								2347	2349				https://www.wikidata.org/wiki/Q137398578	Niskin bottle | https://doi.org/10.5281/zenodo.11653690 | Water samples were collected using Niskin bottles during NIS events as part of the expedition environmental parameters and biogeochemistry work. See Table 5 (Parameters to be measured in the water column) and Table 11 (Overview of the sampling effort … (DIV = diving event, NIS = Niskin event)) for the list of parameters and station-level sampling effort details.									2024-02-19	14:00-03:00/15:00-03:00	FALSE	2024-02-19T14:00-0300	2024-02-19T15:00-0300	2024-02-19T17:00:00Z	2024-02-19T18:00:00Z	60	minutes
TANGO2_DIV_20	Hovgaard Islands	https://data.aad.gov.au/aadc/gaz/scar/display_name.cfm?gaz_id=109398	DIV	2024-02-19T00:00:00Z		1899-12-31T16:18:00Z	1899-12-31T16:55:00Z	16:18-03:00/16:55-03:00	2024-02-19	0.025694444444444464	Camille Moreau | Lucas Terrana	https://orcid.org/0000-0002-0981-7442 | https://orcid.org/0000-0001-5767-3220	65°06,2195	64°05,089				22		2361	2430				https://www.wikidata.org/wiki/Q137398578	Scuba Divers | https://doi.org/10.5281/zenodo.11653690 | Diving activities are reported in the cruise report (see Table 17 Summary of diving activities during TANGO2). Underwater imagery was shot by the divers Team (Lucas Terrana, Lea Katz, Camille Moreau, Martin Dogniez and Anthony Voisin).	-65.10365833333333		-64.08481666666667		-65.1037	-64.0848			2024-02-19	16:18-03:00/16:55-03:00	FALSE	2024-02-19T16:18-0300	2024-02-19T16:55-0300	2024-02-19T19:18:00Z	2024-02-19T19:55:00Z	37	minutes
TANGO2_NIS_66	Hovgaard Islands	https://data.aad.gov.au/aadc/gaz/scar/display_name.cfm?gaz_id=109398	NIS	2024-02-19T00:00:00Z		1899-12-31T14:00:00Z	1899-12-31T15:00:00Z	14:00-03:00/15:00-03:00	2024-02-19	0.04166666666666663	Axelle Brusselman | Manon Bayat	https://orcid.org/0009-0002-6669-2911						20		2350	2354				https://www.wikidata.org/wiki/Q137398578	Niskin bottle | https://doi.org/10.5281/zenodo.11653690 | Water samples were collected using Niskin bottles during NIS events as part of the expedition environmental parameters and biogeochemistry work. See Table 5 (Parameters to be measured in the water column) and Table 11 (Overview of the sampling effort … (DIV = diving event, NIS = Niskin event)) for the list of parameters and station-level sampling effort details.									2024-02-19	14:00-03:00/15:00-03:00	FALSE	2024-02-19T14:00-0300	2024-02-19T15:00-0300	2024-02-19T17:00:00Z	2024-02-19T18:00:00Z	60	minutes
TANGO2_RD_9	Hovgaard Islands	https://data.aad.gov.au/aadc/gaz/scar/display_name.cfm?gaz_id=109398	RD	2024-02-20T00:00:00Z		1899-12-31T08:15:00Z	1899-12-31T08:40:00Z	08:15-03:00/08:40-03:00	2024-02-20	0.017361111111111105	Henri Robert		65°6,331	64°3,923	65°6,349	64°4,164	8	12		2733	2737				https://www.wikidata.org/wiki/Q137398578	Rauschert Dredge | https://doi.org/10.5281/zenodo.11653690 | A “Rauschert” dredge (RD) was used at each working area to sample the general macro-benthic communities. This small dredge designed by Biologist Martin Rauschert (AWI) several decades ago is an excellent tool (widely used in the scientific benthic research community) to capture a large diversity of specimen of all taxa and keep them in a good shape for further identification and processing. The dredge consists of a 50x50x20 cm double sided sledge-like metal frame that slides on the sea floor (on either side). Organisms are lifted from the sediment surface by a chain that scrapes the seabed under the dredge’s frame. At the bottom of the dredge a large 50x70x20 cm bag of 500µ mesh is attached to collect all the floating organisms lifted by the chain. This collecting bag is protected by a coarse nylon 1 cm mesh size bag to support the weight of the sample collected. Both bags are protected on top and at the bottom by a rubber carpet that covers the whole surface of the collecting bag. The RD is usually deployed from a zodiac but can also be deployed from the deck of Australis. The RD is being held and hauled by a rope of at least 1.5 times the length of the depth of deployment. A distance of 100 meter is travelled to the end point of deployment at very low speed that allows the dredge to sweep the sea floor without floating above the ground. At the end point the rope is pulled by hand until the RD reaches the water surface. The whole device containing the samples in its bags is placed in a bucket for further processing on the ship’s deck. A total of 15 RD was deployed during the TANGO2 expedition at each station’s point of interest (deeper “pools”, canyons, channel slope, plateau).	-65.10551666666667	-65.10581666666667	-64.06538333333333	-64.0694	-65.1057	-64.0674	191.15878275528524	116	2024-02-20	08:15-03:00/08:40-03:00	FALSE	2024-02-20T08:15-0300	2024-02-20T08:40-0300	2024-02-20T11:15:00Z	2024-02-20T11:40:00Z	25	minutes
TANGO2_DIV_21	Hovgaard Islands	https://data.aad.gov.au/aadc/gaz/scar/display_name.cfm?gaz_id=109398	DIV	2024-02-20T00:00:00Z		1899-12-31T09:18:00Z	1899-12-31T10:00:00Z	09:18-03:00/10:00-03:00	2024-02-20	0.029166666666666674	Lucas Terrana | Martin Dogniez | Ben Wallis	https://orcid.org/0000-0001-5767-3220 | https://orcid.org/0000-0002-9708-1761	64°06,3859	65°05,79725				31		2721	3046	Trophic Transects			https://www.wikidata.org/wiki/Q137398578	Scuba Divers | https://doi.org/10.5281/zenodo.11653690 | Diving activities are reported in the cruise report (see Table 17 Summary of diving activities during TANGO2). Underwater imagery was shot by the divers Team (Lucas Terrana, Lea Katz, Camille Moreau, Martin Dogniez and Anthony Voisin).	-64.10643166666667		-65.09662083333333		-64.1064	-65.0966			2024-02-20	09:18-03:00/10:00-03:00	FALSE	2024-02-20T09:18-0300	2024-02-20T10:00-0300	2024-02-20T12:18:00Z	2024-02-20T13:00:00Z	42	minutes
TANGO2_DIV_22	Hovgaard Islands	https://data.aad.gov.au/aadc/gaz/scar/display_name.cfm?gaz_id=109398	DIV	2024-02-20T00:00:00Z		1899-12-31T09:17:00Z	1899-12-31T10:00:00Z	09:17-03:00/10:00-03:00	2024-02-20	0.029861111111111116	Camille Moreau | Lea Katz | Alice Reade	https://orcid.org/0000-0002-0981-7442 | https://orcid.org/0000-0001-5748-602X	64°06,3859	65°05,79725				32				Documentation			https://www.wikidata.org/wiki/Q137398578	Scuba Divers | https://doi.org/10.5281/zenodo.11653690 | Diving activities are reported in the cruise report (see Table 17 Summary of diving activities during TANGO2). Underwater imagery was shot by the divers Team (Lucas Terrana, Lea Katz, Camille Moreau, Martin Dogniez and Anthony Voisin).	-64.10643166666667		-65.09662083333333		-64.1064	-65.0966			2024-02-20	09:17-03:00/10:00-03:00	FALSE	2024-02-20T09:17-0300	2024-02-20T10:00-0300	2024-02-20T12:17:00Z	2024-02-20T13:00:00Z	43	minutes
TANGO2_DRM_4	Hovgaard Islands	https://data.aad.gov.au/aadc/gaz/scar/display_name.cfm?gaz_id=109398	DRM	2024-02-20T00:00:00Z		1899-12-31T10:50:00Z	1899-12-31T11:45:00Z	10:50-03:00/11:45-03:00	2024-02-20	0.03819444444444442	Bruno Danis	https://orcid.org/0000-0002-9037-7623	65°06,079	64°04,950						3046		Anchor Pool			https://www.wikidata.org/wiki/Q137398578	Drone Mapping | https://doi.org/10.5281/zenodo.11653690 | Aerial footage was shot by Bruno Danis, Camille Moreau and Henri Robert using DJI MavicPro2, DJI Mavic Mini Pro3 drones, for mapping, photogrammetry and documentation purposes. Drone-derived media were gathered in the framework of the expedition, both for outreach and research purposes.	-65.10131666666666		-64.0825		-65.1013	-64.0825			2024-02-20	10:50-03:00/11:45-03:00	FALSE	2024-02-20T10:50-0300	2024-02-20T11:45-0300	2024-02-20T13:50:00Z	2024-02-20T14:45:00Z	55	minutes
TANGO2_DRM_5	Hovgaard Islands	https://data.aad.gov.au/aadc/gaz/scar/display_name.cfm?gaz_id=109398	DRM	2024-02-20T00:00:00Z		1899-12-31T11:51:00Z	1899-12-31T12:10:00Z	11:51-03:00/12:10-03:00	2024-02-20	0.013194444444444398	Bruno Danis	https://orcid.org/0000-0002-9037-7623	65°06,079	64°04,950						3047		South Pool			https://www.wikidata.org/wiki/Q137398578	Drone Mapping | https://doi.org/10.5281/zenodo.11653690 | Aerial footage was shot by Bruno Danis, Camille Moreau and Henri Robert using DJI MavicPro2, DJI Mavic Mini Pro3 drones, for mapping, photogrammetry and documentation purposes. Drone-derived media were gathered in the framework of the expedition, both for outreach and research purposes.	-65.10131666666666		-64.0825		-65.1013	-64.0825			2024-02-20	11:51-03:00/12:10-03:00	FALSE	2024-02-20T11:51-0300	2024-02-20T12:10-0300	2024-02-20T14:51:00Z	2024-02-20T15:10:00Z	19	minutes
TANGO2_DRM_6	Hovgaard Islands	https://data.aad.gov.au/aadc/gaz/scar/display_name.cfm?gaz_id=109398	DRM	2024-02-20T00:00:00Z		1899-12-31T15:06:00Z	1899-12-31T15:59:00Z	15:06-03:00/15:59-03:00	2024-02-20	0.036805555555555536	Bruno Danis	https://orcid.org/0000-0002-9037-7623	65°06,079	64°04,950						3048		Channel			https://www.wikidata.org/wiki/Q137398578	Drone Mapping | https://doi.org/10.5281/zenodo.11653690 | Aerial footage was shot by Bruno Danis, Camille Moreau and Henri Robert using DJI MavicPro2, DJI Mavic Mini Pro3 drones, for mapping, photogrammetry and documentation purposes. Drone-derived media were gathered in the framework of the expedition, both for outreach and research purposes.	-65.10131666666666		-64.0825		-65.1013	-64.0825			2024-02-20	15:06-03:00/15:59-03:00	FALSE	2024-02-20T15:06-0300	2024-02-20T15:59-0300	2024-02-20T18:06:00Z	2024-02-20T18:59:00Z	53	minutes
TANGO2_ROV_14	Hovgaard Islands	https://data.aad.gov.au/aadc/gaz/scar/display_name.cfm?gaz_id=109398	ROV	2024-02-20T00:00:00Z		1899-12-31T13:40:00Z	1899-12-31T15:30:00Z	13:40-03:00/15:30-03:00	2024-02-20	0.07638888888888895	Lea Katz | Henri Robert | Ben Wallis	https://orcid.org/0000-0001-5748-602X	65°6,233	64°4,977						2756	2766	3 transects + 1 quadrat			https://www.wikidata.org/wiki/Q137398578	Remotely Operated Vehicle | https://doi.org/10.5281/zenodo.11653690 | A small affordable Remotely Operated Vehicle (ROV), the BlueROV2 from BlueRobotics, was equipped with a downward looking GoPro (HERO10), a single-beam sonar and a pair of lasers. The ROV was deployed from the Australis itself or from a Bombard C4 tender. With a person managing the tether to assist the pilot. GPS coordinates were taken on the surface using a handheld GPS (Garmin Oregon 600), then the ROV headed straight downwards until reaching the bottom. It was then flown at a constant altitude above the seafloor (1 meter), with a known bearing, for approx. 15 minutes at a pace of 0,1m/s, resulting in transects between 90-110 meters, depending on the geomorphological characteristics of the site. Then, it was brought back straight upwards to the surface and a second GPS point was recorded. If, for weather or logistic reasons, it was not possible to retrieve the second GPS point, it was calculated afterwards using distance and bearing.	-65.10388333333333		-64.08295		-65.1039	-64.083			2024-02-20	13:40-03:00/15:30-03:00	FALSE	2024-02-20T13:40-0300	2024-02-20T15:30-0300	2024-02-20T16:40:00Z	2024-02-20T18:30:00Z	110	minutes
TANGO2_NIS_67	Hovgaard Islands	https://data.aad.gov.au/aadc/gaz/scar/display_name.cfm?gaz_id=109398	NIS	2024-02-20T00:00:00Z		1899-12-31T14:00:00Z	1899-12-31T14:30:00Z	14:00-03:00/14:30-03:00	2024-02-20	0.02083333333333326	Axelle Brusselman	https://orcid.org/0009-0002-6669-2911	65°5,79725	64°6,3859				17		2744	2759	NIS AV and MD			https://www.wikidata.org/wiki/Q137398578	Niskin bottle | https://doi.org/10.5281/zenodo.11653690 | Water samples were collected using Niskin bottles during NIS events as part of the expedition environmental parameters and biogeochemistry work. See Table 5 (Parameters to be measured in the water column) and Table 11 (Overview of the sampling effort … (DIV = diving event, NIS = Niskin event)) for the list of parameters and station-level sampling effort details.	-65.09662083333333		-64.10643166666667		-65.0966	-64.1064			2024-02-20	14:00-03:00/14:30-03:00	FALSE	2024-02-20T14:00-0300	2024-02-20T14:30-0300	2024-02-20T17:00:00Z	2024-02-20T17:30:00Z	30	minutes
TANGO2_AT_4	Hovgaard Islands	https://data.aad.gov.au/aadc/gaz/scar/display_name.cfm?gaz_id=109398	AT	2024-02-20T00:00:00Z	2024-02-21T00:00:00Z	1899-12-31T17:45:00Z	1899-12-31T18:30:00Z		2024-02-20T17:45-03:00/2024-02-21T18:30-03:00	24.75	Henri Robert		65°5,831	64°5,775				40				Deployment			https://www.wikidata.org/wiki/Q137398578	Amphipod Trap | https://doi.org/10.5281/zenodo.11653690 | Baited “amphipod trap” (AT) are used to capture scavenging communities present in the selected areas. The “homemade” type of trap used during the expedition are composed of a coarse plastic mesh for protection of a 500µ fine mesh rolled around two rings of PVC pipes to produce a cylinder of 15x40 cm. Both end of the trap are equipped with a funnel with a 2 cm opening directed inward to prevent organisms to escape after penetrating the trap. The bait used consists of mackerel tied inside the trap. Traps are deployed in pairs, secured together with a metal frame. A 5kg ballast weight is used to anchor the traps on ground level. The system holds to a rope equipped with a sailing buoy floating at the surface for easy spotting and recovery of the trap. The device is deployed for a minimum of 24 hours and maximum 48 hours. Longer deployment may allow scavengers to completely consume the bait, roam around and eventually escape from the trap. Shorter deployment time may not provide enough time for detection of the bait by the scavenger. At each sampling station, AT were deployed at two different locations bringing the deployment total to 6 AT for the TANGO2 expedition.	-65.09718333333333		-64.09625		-65.0972	-64.0962			2024-02-20T17:45-03:00/2024-02-21T18:30-03:00		TRUE	2024-02-20T17:45-0300	2024-02-21T18:30-0300	2024-02-20T20:45:00Z	2024-02-21T21:30:00Z	1485	minutes
TANGO2_DIV_23	Hovgaard Islands	https://data.aad.gov.au/aadc/gaz/scar/display_name.cfm?gaz_id=109398	DIV	2024-02-20T00:00:00Z		1899-12-31T16:33:00Z	1899-12-31T17:30:00Z	16:33-03:00/17:30-03:00	2024-02-20	0.039583333333333304	Lea Katz | Lucas Terrana | Camille Moreau | Martin Dogniez	https://orcid.org/0000-0001-5748-602X | https://orcid.org/0000-0001-5767-3220 | https://orcid.org/0000-0002-0981-7442 | https://orcid.org/0000-0002-9708-1761	65°05,7952	64°06,3859				30				Documentation			https://www.wikidata.org/wiki/Q137398578	Scuba Divers | https://doi.org/10.5281/zenodo.11653690 | Diving activities are reported in the cruise report (see Table 17 Summary of diving activities during TANGO2). Underwater imagery was shot by the divers Team (Lucas Terrana, Lea Katz, Camille Moreau, Martin Dogniez and Anthony Voisin).	-65.09658666666667		-64.10643166666667		-65.0966	-64.1064			2024-02-20	16:33-03:00/17:30-03:00	FALSE	2024-02-20T16:33-0300	2024-02-20T17:30-0300	2024-02-20T19:33:00Z	2024-02-20T20:30:00Z	57	minutes
TANGO2_NIS_68	Hovgaard Islands	https://data.aad.gov.au/aadc/gaz/scar/display_name.cfm?gaz_id=109398	NIS	2024-02-20T00:00:00Z		1899-12-31T14:30:00Z	1899-12-31T15:00:00Z	14:30-03:00/15:00-03:00	2024-02-20	0.02083333333333337	Axelle Brusselman	https://orcid.org/0009-0002-6669-2911	65°6,2195	64°5,089				15		3051	3060	NIS AV and MD			https://www.wikidata.org/wiki/Q137398578	Niskin bottle | https://doi.org/10.5281/zenodo.11653690 | Water samples were collected using Niskin bottles during NIS events as part of the expedition environmental parameters and biogeochemistry work. See Table 5 (Parameters to be measured in the water column) and Table 11 (Overview of the sampling effort … (DIV = diving event, NIS = Niskin event)) for the list of parameters and station-level sampling effort details.	-65.10365833333333		-64.08481666666667		-65.1037	-64.0848			2024-02-20	14:30-03:00/15:00-03:00	FALSE	2024-02-20T14:30-0300	2024-02-20T15:00-0300	2024-02-20T17:30:00Z	2024-02-20T18:00:00Z	30	minutes
TANGO2_RD_10	Hovgaard Islands	https://data.aad.gov.au/aadc/gaz/scar/display_name.cfm?gaz_id=109398	RD	2024-02-21T00:00:00Z		1899-12-31T09:20:00Z	1899-12-31T09:40:00Z	09:20-03:00/09:40-03:00	2024-02-21	0.013888888888888895			65°5,827	64°5,999	65°5,826	64°5,836	44	50		3061	3071				https://www.wikidata.org/wiki/Q137398578	Rauschert Dredge | https://doi.org/10.5281/zenodo.11653690 | A “Rauschert” dredge (RD) was used at each working area to sample the general macro-benthic communities. This small dredge designed by Biologist Martin Rauschert (AWI) several decades ago is an excellent tool (widely used in the scientific benthic research community) to capture a large diversity of specimen of all taxa and keep them in a good shape for further identification and processing. The dredge consists of a 50x50x20 cm double sided sledge-like metal frame that slides on the sea floor (on either side). Organisms are lifted from the sediment surface by a chain that scrapes the seabed under the dredge’s frame. At the bottom of the dredge a large 50x70x20 cm bag of 500µ mesh is attached to collect all the floating organisms lifted by the chain. This collecting bag is protected by a coarse nylon 1 cm mesh size bag to support the weight of the sample collected. Both bags are protected on top and at the bottom by a rubber carpet that covers the whole surface of the collecting bag. The RD is usually deployed from a zodiac but can also be deployed from the deck of Australis. The RD is being held and hauled by a rope of at least 1.5 times the length of the depth of deployment. A distance of 100 meter is travelled to the end point of deployment at very low speed that allows the dredge to sweep the sea floor without floating above the ground. At the end point the rope is pulled by hand until the RD reaches the water surface. The whole device containing the samples in its bags is placed in a bucket for further processing on the ship’s deck. A total of 15 RD was deployed during the TANGO2 expedition at each station’s point of interest (deeper “pools”, canyons, channel slope, plateau).	-65.09711666666666	-65.0971	-64.09998333333333	-64.09726666666667	-65.0971	-64.0986	127.35614628254393	84	2024-02-21	09:20-03:00/09:40-03:00	FALSE	2024-02-21T09:20-0300	2024-02-21T09:40-0300	2024-02-21T12:20:00Z	2024-02-21T12:40:00Z	20	minutes
TANGO2_DIV_24	Hovgaard Islands	https://data.aad.gov.au/aadc/gaz/scar/display_name.cfm?gaz_id=109398	DIV	2024-02-21T00:00:00Z		1899-12-31T09:06:00Z	1899-12-31T09:55:00Z	09:06-03:00/09:55-03:00	2024-02-21	0.03402777777777777	Anthony Voisin | Martin Dogniez	https://orcid.org/0000-0003-3696-4445 | https://orcid.org/0000-0002-9708-1761	65°06,079	64°04,9455				19							https://www.wikidata.org/wiki/Q137398578	Scuba Divers | https://doi.org/10.5281/zenodo.11653690 | Diving activities are reported in the cruise report (see Table 17 Summary of diving activities during TANGO2). Underwater imagery was shot by the divers Team (Lucas Terrana, Lea Katz, Camille Moreau, Martin Dogniez and Anthony Voisin).	-65.10131666666666		-64.082425		-65.1013	-64.0824			2024-02-21	09:06-03:00/09:55-03:00	FALSE	2024-02-21T09:06-0300	2024-02-21T09:55-0300	2024-02-21T12:06:00Z	2024-02-21T12:55:00Z	49	minutes
TANGO2_NIS_69	Hovgaard Islands	https://data.aad.gov.au/aadc/gaz/scar/display_name.cfm?gaz_id=109398	NIS	2024-02-21T00:00:00Z		1899-12-31T09:00:00Z	1899-12-31T09:30:00Z	09:00-03:00/09:30-03:00	2024-02-21	0.020833333333333315	Axelle Brusselman	https://orcid.org/0009-0002-6669-2911	65°06,091	64°04,091						3072	3112				https://www.wikidata.org/wiki/Q137398578	Niskin bottle | https://doi.org/10.5281/zenodo.11653690 | Water samples were collected using Niskin bottles during NIS events as part of the expedition environmental parameters and biogeochemistry work. See Table 5 (Parameters to be measured in the water column) and Table 11 (Overview of the sampling effort … (DIV = diving event, NIS = Niskin event)) for the list of parameters and station-level sampling effort details.	-65.10151666666667		-64.06818333333334		-65.1015	-64.0682			2024-02-21	09:00-03:00/09:30-03:00	FALSE	2024-02-21T09:00-0300	2024-02-21T09:30-0300	2024-02-21T12:00:00Z	2024-02-21T12:30:00Z	30	minutes
TANGO2_VV_2	Hovgaard Islands	https://data.aad.gov.au/aadc/gaz/scar/display_name.cfm?gaz_id=109398	VV	2024-02-21T00:00:00Z		1899-12-31T13:00:00Z	1899-12-31T13:30:00Z	13:00-03:00/13:30-03:00	2024-02-21	0.02083333333333337	Emil De Borger | Manon Bayat	https://orcid.org/0000-0003-4905-1637	65°06,091	64_04,941						3176	3185				https://www.wikidata.org/wiki/Q137398578		-65.10151666666667				-65.1015				2024-02-21	13:00-03:00/13:30-03:00	FALSE	2024-02-21T13:00-0300	2024-02-21T13:30-0300	2024-02-21T16:00:00Z	2024-02-21T16:30:00Z	30	minutes
TANGO2_VV_3	Hovgaard Islands	https://data.aad.gov.au/aadc/gaz/scar/display_name.cfm?gaz_id=109398	VV	2024-02-21T00:00:00Z		1899-12-31T13:30:00Z	1899-12-31T14:00:00Z	13:30-03:00/14:00-03:00	2024-02-21	0.02083333333333337	Camille Moreau | Manon Bayat	https://orcid.org/0000-0002-0981-7442	65°06,091	64_04,941						3189	3190	No catch			https://www.wikidata.org/wiki/Q137398578		-65.10151666666667				-65.1015				2024-02-21	13:30-03:00/14:00-03:00	FALSE	2024-02-21T13:30-0300	2024-02-21T14:00-0300	2024-02-21T16:30:00Z	2024-02-21T17:00:00Z	30	minutes
TANGO2_ROV_15	Hovgaard Islands	https://data.aad.gov.au/aadc/gaz/scar/display_name.cfm?gaz_id=109398	ROV	2024-02-21T00:00:00Z		1899-12-31T10:30:00Z	1899-12-31T11:30:00Z	10:30-03:00/11:30-03:00	2024-02-21	0.041666666666666685	Lea Katz | Henri Robert	https://orcid.org/0000-0001-5748-602X	65°5,445	64°4,483						3166	3175				https://www.wikidata.org/wiki/Q137398578	Remotely Operated Vehicle | https://doi.org/10.5281/zenodo.11653690 | A small affordable Remotely Operated Vehicle (ROV), the BlueROV2 from BlueRobotics, was equipped with a downward looking GoPro (HERO10), a single-beam sonar and a pair of lasers. The ROV was deployed from the Australis itself or from a Bombard C4 tender. With a person managing the tether to assist the pilot. GPS coordinates were taken on the surface using a handheld GPS (Garmin Oregon 600), then the ROV headed straight downwards until reaching the bottom. It was then flown at a constant altitude above the seafloor (1 meter), with a known bearing, for approx. 15 minutes at a pace of 0,1m/s, resulting in transects between 90-110 meters, depending on the geomorphological characteristics of the site. Then, it was brought back straight upwards to the surface and a second GPS point was recorded. If, for weather or logistic reasons, it was not possible to retrieve the second GPS point, it was calculated afterwards using distance and bearing.	-65.09075		-64.07471666666666		-65.0908	-64.074700000000007			2024-02-21	10:30-03:00/11:30-03:00	FALSE	2024-02-21T10:30-0300	2024-02-21T11:30-0300	2024-02-21T13:30:00Z	2024-02-21T14:30:00Z	60	minutes
TANGO2_DIV_25	Hovgaard Islands	https://data.aad.gov.au/aadc/gaz/scar/display_name.cfm?gaz_id=109398	DIV	2024-02-21T00:00:00Z		1899-12-31T13:54:00Z	1899-12-31T14:20:00Z	13:54-03:00/14:20-03:00	2024-02-21	0.01805555555555549	Lucas Terrana | Lea Katz	https://orcid.org/0000-0001-5767-3220 | https://orcid.org/0000-0001-5748-602X	65°6,3345	65°5,081				22		3186	3188	ST Retrieval			https://www.wikidata.org/wiki/Q137398578	Scuba Divers | https://doi.org/10.5281/zenodo.11653690 | Diving activities are reported in the cruise report (see Table 17 Summary of diving activities during TANGO2). Underwater imagery was shot by the divers Team (Lucas Terrana, Lea Katz, Camille Moreau, Martin Dogniez and Anthony Voisin).	-65.105575		-65.08468333333333		-65.1056	-65.0847			2024-02-21	13:54-03:00/14:20-03:00	FALSE	2024-02-21T13:54-0300	2024-02-21T14:20-0300	2024-02-21T16:54:00Z	2024-02-21T17:20:00Z	26	minutes
TANGO2_NIS_70	Hovgaard Islands	https://data.aad.gov.au/aadc/gaz/scar/display_name.cfm?gaz_id=109398	NIS	2024-02-21T00:00:00Z		1899-12-31T13:49:00Z	1899-12-31T13:51:00Z	13:49-03:00/13:51-03:00	2024-02-21	0.001388888888888884	Axelle Brusselman | Henri Robert	https://orcid.org/0009-0002-6669-2911	65°06,1549	64°04,4116						3113	3118				https://www.wikidata.org/wiki/Q137398578	Niskin bottle | https://doi.org/10.5281/zenodo.11653690 | Water samples were collected using Niskin bottles during NIS events as part of the expedition environmental parameters and biogeochemistry work. See Table 5 (Parameters to be measured in the water column) and Table 11 (Overview of the sampling effort … (DIV = diving event, NIS = Niskin event)) for the list of parameters and station-level sampling effort details.	-65.10258166666667		-64.07352666666667		-65.1026	-64.0735			2024-02-21	13:49-03:00/13:51-03:00	FALSE	2024-02-21T13:49-0300	2024-02-21T13:51-0300	2024-02-21T16:49:00Z	2024-02-21T16:51:00Z	2	minutes
TANGO2_NIS_71	Hovgaard Islands	https://data.aad.gov.au/aadc/gaz/scar/display_name.cfm?gaz_id=109398	NIS	2024-02-21T00:00:00Z		1899-12-31T13:56:00Z	1899-12-31T13:58:00Z	13:56-03:00/13:58-03:00	2024-02-21	0.001388888888888884	Axelle Brusselman | Henri Robert	https://orcid.org/0009-0002-6669-2911	65°06,1318	64°04,1919						3119	3124				https://www.wikidata.org/wiki/Q137398578	Niskin bottle | https://doi.org/10.5281/zenodo.11653690 | Water samples were collected using Niskin bottles during NIS events as part of the expedition environmental parameters and biogeochemistry work. See Table 5 (Parameters to be measured in the water column) and Table 11 (Overview of the sampling effort … (DIV = diving event, NIS = Niskin event)) for the list of parameters and station-level sampling effort details.	-65.10219666666667		-64.069865		-65.1022	-64.0699			2024-02-21	13:56-03:00/13:58-03:00	FALSE	2024-02-21T13:56-0300	2024-02-21T13:58-0300	2024-02-21T16:56:00Z	2024-02-21T16:58:00Z	2	minutes
TANGO2_NIS_72	Hovgaard Islands	https://data.aad.gov.au/aadc/gaz/scar/display_name.cfm?gaz_id=109398	NIS	2024-02-21T00:00:00Z		1899-12-31T14:02:00Z	1899-12-31T14:04:00Z	14:02-03:00/14:04-03:00	2024-02-21	0.001388888888888884	Axelle Brusselman | Henri Robert	https://orcid.org/0009-0002-6669-2911	65°06,1038	64°04,0340						3125	3130				https://www.wikidata.org/wiki/Q137398578	Niskin bottle | https://doi.org/10.5281/zenodo.11653690 | Water samples were collected using Niskin bottles during NIS events as part of the expedition environmental parameters and biogeochemistry work. See Table 5 (Parameters to be measured in the water column) and Table 11 (Overview of the sampling effort … (DIV = diving event, NIS = Niskin event)) for the list of parameters and station-level sampling effort details.	-65.10173		-64.06723333333333		-65.1017	-64.0672			2024-02-21	14:02-03:00/14:04-03:00	FALSE	2024-02-21T14:02-0300	2024-02-21T14:04-0300	2024-02-21T17:02:00Z	2024-02-21T17:04:00Z	2	minutes
TANGO2_NIS_73	Hovgaard Islands	https://data.aad.gov.au/aadc/gaz/scar/display_name.cfm?gaz_id=109398	NIS	2024-02-21T00:00:00Z		1899-12-31T14:09:00Z	1899-12-31T14:11:00Z	14:09-03:00/14:11-03:00	2024-02-21	0.001388888888888884	Axelle Brusselman | Henri Robert	https://orcid.org/0009-0002-6669-2911	65°06,1187	64°03,7776						3131	3136				https://www.wikidata.org/wiki/Q137398578	Niskin bottle | https://doi.org/10.5281/zenodo.11653690 | Water samples were collected using Niskin bottles during NIS events as part of the expedition environmental parameters and biogeochemistry work. See Table 5 (Parameters to be measured in the water column) and Table 11 (Overview of the sampling effort … (DIV = diving event, NIS = Niskin event)) for the list of parameters and station-level sampling effort details.	-65.10197833333334		-64.06296		-65.102	-64.063			2024-02-21	14:09-03:00/14:11-03:00	FALSE	2024-02-21T14:09-0300	2024-02-21T14:11-0300	2024-02-21T17:09:00Z	2024-02-21T17:11:00Z	2	minutes
TANGO2_NIS_74	Hovgaard Islands	https://data.aad.gov.au/aadc/gaz/scar/display_name.cfm?gaz_id=109398	NIS	2024-02-21T00:00:00Z		1899-12-31T14:17:00Z	1899-12-31T14:19:00Z	14:17-03:00/14:19-03:00	2024-02-21	0.001388888888888884	Axelle Brusselman | Henri Robert	https://orcid.org/0009-0002-6669-2911	65°06,1629	64°03,9230						3137	3142				https://www.wikidata.org/wiki/Q137398578	Niskin bottle | https://doi.org/10.5281/zenodo.11653690 | Water samples were collected using Niskin bottles during NIS events as part of the expedition environmental parameters and biogeochemistry work. See Table 5 (Parameters to be measured in the water column) and Table 11 (Overview of the sampling effort … (DIV = diving event, NIS = Niskin event)) for the list of parameters and station-level sampling effort details.	-65.102715		-64.06538333333333		-65.1027	-64.0654			2024-02-21	14:17-03:00/14:19-03:00	FALSE	2024-02-21T14:17-0300	2024-02-21T14:19-0300	2024-02-21T17:17:00Z	2024-02-21T17:19:00Z	2	minutes
TANGO2_NIS_75	Hovgaard Islands	https://data.aad.gov.au/aadc/gaz/scar/display_name.cfm?gaz_id=109398	NIS	2024-02-21T00:00:00Z		1899-12-31T14:25:00Z	1899-12-31T14:27:00Z	14:25-03:00/14:27-03:00	2024-02-21	0.001388888888888884	Axelle Brusselman | Henri Robert	https://orcid.org/0009-0002-6669-2911	65°06,2026	64°03,9320						3143	3148				https://www.wikidata.org/wiki/Q137398578	Niskin bottle | https://doi.org/10.5281/zenodo.11653690 | Water samples were collected using Niskin bottles during NIS events as part of the expedition environmental parameters and biogeochemistry work. See Table 5 (Parameters to be measured in the water column) and Table 11 (Overview of the sampling effort … (DIV = diving event, NIS = Niskin event)) for the list of parameters and station-level sampling effort details.	-65.10337666666666		-64.06553333333333		-65.1034	-64.0655			2024-02-21	14:25-03:00/14:27-03:00	FALSE	2024-02-21T14:25-0300	2024-02-21T14:27-0300	2024-02-21T17:25:00Z	2024-02-21T17:27:00Z	2	minutes
TANGO2_NIS_76	Hovgaard Islands	https://data.aad.gov.au/aadc/gaz/scar/display_name.cfm?gaz_id=109398	NIS	2024-02-21T00:00:00Z		1899-12-31T14:34:00Z	1899-12-31T14:36:00Z	14:34-03:00/14:36-03:00	2024-02-21	0.001388888888888884	Axelle Brusselman | Henri Robert	https://orcid.org/0009-0002-6669-2911	65°06,0502	64°03,6291						3149	3165				https://www.wikidata.org/wiki/Q137398578	Niskin bottle | https://doi.org/10.5281/zenodo.11653690 | Water samples were collected using Niskin bottles during NIS events as part of the expedition environmental parameters and biogeochemistry work. See Table 5 (Parameters to be measured in the water column) and Table 11 (Overview of the sampling effort … (DIV = diving event, NIS = Niskin event)) for the list of parameters and station-level sampling effort details.	-65.10083666666667		-64.060485		-65.1008	-64.0605			2024-02-21	14:34-03:00/14:36-03:00	FALSE	2024-02-21T14:34-0300	2024-02-21T14:36-0300	2024-02-21T17:34:00Z	2024-02-21T17:36:00Z	2	minutes
TANGO2_VV_4	Hovgaard Islands	https://data.aad.gov.au/aadc/gaz/scar/display_name.cfm?gaz_id=109398	VV	2024-02-21T00:00:00Z		1899-12-31T13:00:00Z	1899-12-31T13:30:00Z	13:00-03:00/13:30-03:00	2024-02-21	0.02083333333333337	Alice Reade | Ben Wallis														https://www.wikidata.org/wiki/Q137398578										2024-02-21	13:00-03:00/13:30-03:00	FALSE	2024-02-21T13:00-0300	2024-02-21T13:30-0300	2024-02-21T16:00:00Z	2024-02-21T16:30:00Z	30	minutes
TANGO2_DIV_26	Føyn Harbor	https://data.aad.gov.au/aadc/gaz/scar/display_name.cfm?gaz_id=125337	DIV	2024-02-22T00:00:00Z		1899-12-31T14:20:00Z	1899-12-31T15:00:00Z	14:20-03:00/15:00-03:00	2024-02-22	0.02777777777777779	Lucas Terrana | Camille Moreau | Anthony Voisin	https://orcid.org/0000-0001-5767-3220 | https://orcid.org/0000-0002-0981-7442 | https://orcid.org/0000-0003-3696-4445	64°32,793	61°59,830				23		3415	3505	Cores and sea urchins collection			https://www.wikidata.org/wiki/Q137398578	Scuba Divers | https://doi.org/10.5281/zenodo.11653690 | Diving activities are reported in the cruise report (see Table 17 Summary of diving activities during TANGO2). Underwater imagery was shot by the divers Team (Lucas Terrana, Lea Katz, Camille Moreau, Martin Dogniez and Anthony Voisin).	-64.54655		-61.997166666666665		-64.5466	-61.9972			2024-02-22	14:20-03:00/15:00-03:00	FALSE	2024-02-22T14:20-0300	2024-02-22T15:00-0300	2024-02-22T17:20:00Z	2024-02-22T18:00:00Z	40	minutes
TANGO2_ST_3	Føyn Harbor	https://data.aad.gov.au/aadc/gaz/scar/display_name.cfm?gaz_id=125337	ST	2024-02-22T00:00:00Z	2024-02-26T00:00:00Z	1899-12-31T15:17:00Z	1899-12-31T16:36:00Z		2024-02-22T15:17-03:00/2024-02-26T16:36-03:00	97.31666666659294	Axelle Brusselman	https://orcid.org/0009-0002-6669-2911	64°33,1909	62°0,5342				20		3506	3507	Deployment			https://www.wikidata.org/wiki/Q137398578	Sediment Traps | https://doi.org/10.5281/zenodo.11653690 | Sediment Traps are listed among the gear deployed during the TANGO 2 expedition (Table 3: List of gear deployed during the TANGO 2 expedition).	-64.55318166666666		-62.008903333333336		-64.5532	-62.0089			2024-02-22T15:17-03:00/2024-02-26T16:36-03:00		TRUE	2024-02-22T15:17-0300	2024-02-26T16:36-0300	2024-02-22T18:17:00Z	2024-02-26T19:36:00Z	5839	minutes
TANGO2_AT_5	Føyn Harbor	https://data.aad.gov.au/aadc/gaz/scar/display_name.cfm?gaz_id=125337	AT	2024-02-22T00:00:00Z	2024-02-24T00:00:00Z	1899-12-31T17:30:00Z	1899-12-31T13:00:00Z		2024-02-22T17:30-03:00/2024-02-24T13:00-03:00	43.5	Henri Robert		64°32,912	61°59,689				32		3508	3515	Deployment			https://www.wikidata.org/wiki/Q137398578	Amphipod Trap | https://doi.org/10.5281/zenodo.11653690 | Baited “amphipod trap” (AT) are used to capture scavenging communities present in the selected areas. The “homemade” type of trap used during the expedition are composed of a coarse plastic mesh for protection of a 500µ fine mesh rolled around two rings of PVC pipes to produce a cylinder of 15x40 cm. Both end of the trap are equipped with a funnel with a 2 cm opening directed inward to prevent organisms to escape after penetrating the trap. The bait used consists of mackerel tied inside the trap. Traps are deployed in pairs, secured together with a metal frame. A 5kg ballast weight is used to anchor the traps on ground level. The system holds to a rope equipped with a sailing buoy floating at the surface for easy spotting and recovery of the trap. The device is deployed for a minimum of 24 hours and maximum 48 hours. Longer deployment may allow scavengers to completely consume the bait, roam around and eventually escape from the trap. Shorter deployment time may not provide enough time for detection of the bait by the scavenger. At each sampling station, AT were deployed at two different locations bringing the deployment total to 6 AT for the TANGO2 expedition.	-64.54853333333334		-61.994816666666665		-64.5485	-61.9948			2024-02-22T17:30-03:00/2024-02-24T13:00-03:00		TRUE	2024-02-22T17:30-0300	2024-02-24T13:00-0300	2024-02-22T20:30:00Z	2024-02-24T16:00:00Z	2610	minutes
TANGO2_RD_11	Føyn Harbor	https://data.aad.gov.au/aadc/gaz/scar/display_name.cfm?gaz_id=125337	RD	2024-02-22T00:00:00Z		1899-12-31T15:30:00Z	1899-12-31T15:50:00Z	15:30-03:00/15:50-03:00	2024-02-22	0.01388888888888884	Henri Robert		64°32,925	61°59,791			28	32		3519	3530				https://www.wikidata.org/wiki/Q137398578	Rauschert Dredge | https://doi.org/10.5281/zenodo.11653690 | A “Rauschert” dredge (RD) was used at each working area to sample the general macro-benthic communities. This small dredge designed by Biologist Martin Rauschert (AWI) several decades ago is an excellent tool (widely used in the scientific benthic research community) to capture a large diversity of specimen of all taxa and keep them in a good shape for further identification and processing. The dredge consists of a 50x50x20 cm double sided sledge-like metal frame that slides on the sea floor (on either side). Organisms are lifted from the sediment surface by a chain that scrapes the seabed under the dredge’s frame. At the bottom of the dredge a large 50x70x20 cm bag of 500µ mesh is attached to collect all the floating organisms lifted by the chain. This collecting bag is protected by a coarse nylon 1 cm mesh size bag to support the weight of the sample collected. Both bags are protected on top and at the bottom by a rubber carpet that covers the whole surface of the collecting bag. The RD is usually deployed from a zodiac but can also be deployed from the deck of Australis. The RD is being held and hauled by a rope of at least 1.5 times the length of the depth of deployment. A distance of 100 meter is travelled to the end point of deployment at very low speed that allows the dredge to sweep the sea floor without floating above the ground. At the end point the rope is pulled by hand until the RD reaches the water surface. The whole device containing the samples in its bags is placed in a bucket for further processing on the ship’s deck. A total of 15 RD was deployed during the TANGO2 expedition at each station’s point of interest (deeper “pools”, canyons, channel slope, plateau).	-64.54875		-61.996516666666665		-64.5488	-61.9965			2024-02-22	15:30-03:00/15:50-03:00	FALSE	2024-02-22T15:30-0300	2024-02-22T15:50-0300	2024-02-22T18:30:00Z	2024-02-22T18:50:00Z	20	minutes
TANGO2_ROV_16	Føyn Harbor	https://data.aad.gov.au/aadc/gaz/scar/display_name.cfm?gaz_id=125337	ROV	2024-02-22T00:00:00Z		1899-12-31T15:00:00Z	1899-12-31T16:30:00Z	15:00-03:00/16:30-03:00	2024-02-22	0.0625	Lea Katz | Henri Robert	https://orcid.org/0000-0001-5748-602X	64°32,804	61°59,815											https://www.wikidata.org/wiki/Q137398578	Remotely Operated Vehicle | https://doi.org/10.5281/zenodo.11653690 | A small affordable Remotely Operated Vehicle (ROV), the BlueROV2 from BlueRobotics, was equipped with a downward looking GoPro (HERO10), a single-beam sonar and a pair of lasers. The ROV was deployed from the Australis itself or from a Bombard C4 tender. With a person managing the tether to assist the pilot. GPS coordinates were taken on the surface using a handheld GPS (Garmin Oregon 600), then the ROV headed straight downwards until reaching the bottom. It was then flown at a constant altitude above the seafloor (1 meter), with a known bearing, for approx. 15 minutes at a pace of 0,1m/s, resulting in transects between 90-110 meters, depending on the geomorphological characteristics of the site. Then, it was brought back straight upwards to the surface and a second GPS point was recorded. If, for weather or logistic reasons, it was not possible to retrieve the second GPS point, it was calculated afterwards using distance and bearing.	-64.54673333333334		-61.996916666666664		-64.5467	-61.9969			2024-02-22	15:00-03:00/16:30-03:00	FALSE	2024-02-22T15:00-0300	2024-02-22T16:30-0300	2024-02-22T18:00:00Z	2024-02-22T19:30:00Z	90	minutes
TANGO2_NIS_77	Føyn Harbor	https://data.aad.gov.au/aadc/gaz/scar/display_name.cfm?gaz_id=125337	NIS	2024-02-22T00:00:00Z		1899-12-31T16:40:00Z	1899-12-31T17:00:00Z	16:40-03:00/17:00-03:00	2024-02-22	0.01388888888888895	Axelle Brusselman	https://orcid.org/0009-0002-6669-2911	64°32,804	61°59,815			0	20							https://www.wikidata.org/wiki/Q137398578	Niskin bottle | https://doi.org/10.5281/zenodo.11653690 | Water samples were collected using Niskin bottles during NIS events as part of the expedition environmental parameters and biogeochemistry work. See Table 5 (Parameters to be measured in the water column) and Table 11 (Overview of the sampling effort … (DIV = diving event, NIS = Niskin event)) for the list of parameters and station-level sampling effort details.	-64.54673333333334		-61.996916666666664		-64.5467	-61.9969			2024-02-22	16:40-03:00/17:00-03:00	FALSE	2024-02-22T16:40-0300	2024-02-22T17:00-0300	2024-02-22T19:40:00Z	2024-02-22T20:00:00Z	20	minutes
TANGO2_DRM_5	Føyn Harbor	https://data.aad.gov.au/aadc/gaz/scar/display_name.cfm?gaz_id=125337	DRM	2024-02-22T00:00:00Z		1899-12-31T16:30:00Z	1899-12-31T17:30:00Z	16:30-03:00/17:30-03:00	2024-02-22	0.04166666666666663	Bruno Danis	https://orcid.org/0000-0002-9037-7623	64°32,804	61°59,815					60	3586					https://www.wikidata.org/wiki/Q137398578	Drone Mapping | https://doi.org/10.5281/zenodo.11653690 | Aerial footage was shot by Bruno Danis, Camille Moreau and Henri Robert using DJI MavicPro2, DJI Mavic Mini Pro3 drones, for mapping, photogrammetry and documentation purposes. Drone-derived media were gathered in the framework of the expedition, both for outreach and research purposes.	-64.54673333333334		-61.996916666666664		-64.5467	-61.9969			2024-02-22	16:30-03:00/17:30-03:00	FALSE	2024-02-22T16:30-0300	2024-02-22T17:30-0300	2024-02-22T19:30:00Z	2024-02-22T20:30:00Z	60	minutes
TANGO2_RD_12	Føyn Harbor	https://data.aad.gov.au/aadc/gaz/scar/display_name.cfm?gaz_id=125337	RD	2024-02-23T00:00:00Z		1899-12-31T08:15:00Z	1899-12-31T08:35:00Z	08:15-03:00/08:35-03:00	2024-02-23	0.013888888888888895	Henri Robert		64°33,274	62°00,295	64°33,244	62°00,104	30	40		3586	3598				https://www.wikidata.org/wiki/Q137398578	Rauschert Dredge | https://doi.org/10.5281/zenodo.11653690 | A “Rauschert” dredge (RD) was used at each working area to sample the general macro-benthic communities. This small dredge designed by Biologist Martin Rauschert (AWI) several decades ago is an excellent tool (widely used in the scientific benthic research community) to capture a large diversity of specimen of all taxa and keep them in a good shape for further identification and processing. The dredge consists of a 50x50x20 cm double sided sledge-like metal frame that slides on the sea floor (on either side). Organisms are lifted from the sediment surface by a chain that scrapes the seabed under the dredge’s frame. At the bottom of the dredge a large 50x70x20 cm bag of 500µ mesh is attached to collect all the floating organisms lifted by the chain. This collecting bag is protected by a coarse nylon 1 cm mesh size bag to support the weight of the sample collected. Both bags are protected on top and at the bottom by a rubber carpet that covers the whole surface of the collecting bag. The RD is usually deployed from a zodiac but can also be deployed from the deck of Australis. The RD is being held and hauled by a rope of at least 1.5 times the length of the depth of deployment. A distance of 100 meter is travelled to the end point of deployment at very low speed that allows the dredge to sweep the sea floor without floating above the ground. At the end point the rope is pulled by hand until the RD reaches the water surface. The whole device containing the samples in its bags is placed in a bucket for further processing on the ship’s deck. A total of 15 RD was deployed during the TANGO2 expedition at each station’s point of interest (deeper “pools”, canyons, channel slope, plateau).	-64.55456666666667	-64.55406666666667	-62.00491666666667	-62.001733333333334	-64.5543	-62.0033	162.11043634418752	101	2024-02-23	08:15-03:00/08:35-03:00	FALSE	2024-02-23T08:15-0300	2024-02-23T08:35-0300	2024-02-23T11:15:00Z	2024-02-23T11:35:00Z	20	minutes
TANGO2_NIS_78	Føyn Harbor	https://data.aad.gov.au/aadc/gaz/scar/display_name.cfm?gaz_id=125337	NIS	2024-02-23T00:00:00Z		1899-12-31T09:00:00Z	1899-12-31T10:00:00Z	09:00-03:00/10:00-03:00	2024-02-23	0.041666666666666685	Axelle Brusselman | Manon Bayat	https://orcid.org/0009-0002-6669-2911	64°32,804	61°59,815				20		3579	3595				https://www.wikidata.org/wiki/Q137398578	Niskin bottle | https://doi.org/10.5281/zenodo.11653690 | Water samples were collected using Niskin bottles during NIS events as part of the expedition environmental parameters and biogeochemistry work. See Table 5 (Parameters to be measured in the water column) and Table 11 (Overview of the sampling effort … (DIV = diving event, NIS = Niskin event)) for the list of parameters and station-level sampling effort details.	-64.54673333333334		-61.996916666666664		-64.5467	-61.9969			2024-02-23	09:00-03:00/10:00-03:00	FALSE	2024-02-23T09:00-0300	2024-02-23T10:00-0300	2024-02-23T12:00:00Z	2024-02-23T13:00:00Z	60	minutes
TANGO2_NIS_79	Føyn Harbor	https://data.aad.gov.au/aadc/gaz/scar/display_name.cfm?gaz_id=125337	NIS	2024-02-23T00:00:00Z		1899-12-31T15:00:00Z	1899-12-31T15:05:00Z	15:00-03:00/15:05-03:00	2024-02-23	0.00347222222222221	Axelle Brusselman	https://orcid.org/0009-0002-6669-2911	64°32,7760	62°00,2537			0			3606	3611				https://www.wikidata.org/wiki/Q137398578	Niskin bottle | https://doi.org/10.5281/zenodo.11653690 | Water samples were collected using Niskin bottles during NIS events as part of the expedition environmental parameters and biogeochemistry work. See Table 5 (Parameters to be measured in the water column) and Table 11 (Overview of the sampling effort … (DIV = diving event, NIS = Niskin event)) for the list of parameters and station-level sampling effort details.	-64.54626666666667		-62.00422833333333		-64.5463	-62.0042			2024-02-23	15:00-03:00/15:05-03:00	FALSE	2024-02-23T15:00-0300	2024-02-23T15:05-0300	2024-02-23T18:00:00Z	2024-02-23T18:05:00Z	5	minutes
TANGO2_NIS_80	Føyn Harbor	https://data.aad.gov.au/aadc/gaz/scar/display_name.cfm?gaz_id=125337	NIS	2024-02-23T00:00:00Z		1899-12-31T15:12:00Z	1899-12-31T15:17:00Z	15:12-03:00/15:17-03:00	2024-02-23	0.00347222222222221	Axelle Brusselman	https://orcid.org/0009-0002-6669-2911	64°32,7065	61°59,9199			0			3612	3617				https://www.wikidata.org/wiki/Q137398578	Niskin bottle | https://doi.org/10.5281/zenodo.11653690 | Water samples were collected using Niskin bottles during NIS events as part of the expedition environmental parameters and biogeochemistry work. See Table 5 (Parameters to be measured in the water column) and Table 11 (Overview of the sampling effort … (DIV = diving event, NIS = Niskin event)) for the list of parameters and station-level sampling effort details.	-64.54510833333333		-61.998665		-64.5451	-61.9987			2024-02-23	15:12-03:00/15:17-03:00	FALSE	2024-02-23T15:12-0300	2024-02-23T15:17-0300	2024-02-23T18:12:00Z	2024-02-23T18:17:00Z	5	minutes
TANGO2_NIS_81	Føyn Harbor	https://data.aad.gov.au/aadc/gaz/scar/display_name.cfm?gaz_id=125337	NIS	2024-02-23T00:00:00Z		1899-12-31T15:21:00Z	1899-12-31T15:26:00Z	15:21-03:00/15:26-03:00	2024-02-23	0.003472222222222321	Axelle Brusselman	https://orcid.org/0009-0002-6669-2911	64°32,7550	61°59,5753			0			3618	3623				https://www.wikidata.org/wiki/Q137398578	Niskin bottle | https://doi.org/10.5281/zenodo.11653690 | Water samples were collected using Niskin bottles during NIS events as part of the expedition environmental parameters and biogeochemistry work. See Table 5 (Parameters to be measured in the water column) and Table 11 (Overview of the sampling effort … (DIV = diving event, NIS = Niskin event)) for the list of parameters and station-level sampling effort details.	-64.54591666666667		-61.99292166666667		-64.5459	-61.9929			2024-02-23	15:21-03:00/15:26-03:00	FALSE	2024-02-23T15:21-0300	2024-02-23T15:26-0300	2024-02-23T18:21:00Z	2024-02-23T18:26:00Z	5	minutes
TANGO2_NIS_82	Føyn Harbor	https://data.aad.gov.au/aadc/gaz/scar/display_name.cfm?gaz_id=125337	NIS	2024-02-23T00:00:00Z		1899-12-31T15:27:00Z	1899-12-31T15:32:00Z	15:27-03:00/15:32-03:00	2024-02-23	0.00347222222222221	Axelle Brusselman	https://orcid.org/0009-0002-6669-2911	64°32,7028	61°59,4254			0			3624	3629				https://www.wikidata.org/wiki/Q137398578	Niskin bottle | https://doi.org/10.5281/zenodo.11653690 | Water samples were collected using Niskin bottles during NIS events as part of the expedition environmental parameters and biogeochemistry work. See Table 5 (Parameters to be measured in the water column) and Table 11 (Overview of the sampling effort … (DIV = diving event, NIS = Niskin event)) for the list of parameters and station-level sampling effort details.	-64.54504666666666		-61.99042333333333		-64.545	-61.9904			2024-02-23	15:27-03:00/15:32-03:00	FALSE	2024-02-23T15:27-0300	2024-02-23T15:32-0300	2024-02-23T18:27:00Z	2024-02-23T18:32:00Z	5	minutes
TANGO2_NIS_83	Føyn Harbor	https://data.aad.gov.au/aadc/gaz/scar/display_name.cfm?gaz_id=125337	NIS	2024-02-23T00:00:00Z		1899-12-31T15:34:00Z	1899-12-31T15:39:00Z	15:34-03:00/15:39-03:00	2024-02-23	0.00347222222222221	Axelle Brusselman	https://orcid.org/0009-0002-6669-2911	64°32,8142	61°59,8702			0			3630	3635				https://www.wikidata.org/wiki/Q137398578	Niskin bottle | https://doi.org/10.5281/zenodo.11653690 | Water samples were collected using Niskin bottles during NIS events as part of the expedition environmental parameters and biogeochemistry work. See Table 5 (Parameters to be measured in the water column) and Table 11 (Overview of the sampling effort … (DIV = diving event, NIS = Niskin event)) for the list of parameters and station-level sampling effort details.	-64.54690333333333		-61.997836666666664		-64.5469	-61.9978			2024-02-23	15:34-03:00/15:39-03:00	FALSE	2024-02-23T15:34-0300	2024-02-23T15:39-0300	2024-02-23T18:34:00Z	2024-02-23T18:39:00Z	5	minutes
TANGO2_NIS_84	Føyn Harbor	https://data.aad.gov.au/aadc/gaz/scar/display_name.cfm?gaz_id=125337	NIS	2024-02-23T00:00:00Z		1899-12-31T15:40:00Z	1899-12-31T15:45:00Z	15:40-03:00/15:45-03:00	2024-02-23	0.00347222222222221	Axelle Brusselman	https://orcid.org/0009-0002-6669-2911	64°32,8583	61°59,7772			0			3636	3641				https://www.wikidata.org/wiki/Q137398578	Niskin bottle | https://doi.org/10.5281/zenodo.11653690 | Water samples were collected using Niskin bottles during NIS events as part of the expedition environmental parameters and biogeochemistry work. See Table 5 (Parameters to be measured in the water column) and Table 11 (Overview of the sampling effort … (DIV = diving event, NIS = Niskin event)) for the list of parameters and station-level sampling effort details.	-64.54763833333334		-61.99628666666667		-64.5476	-61.9963			2024-02-23	15:40-03:00/15:45-03:00	FALSE	2024-02-23T15:40-0300	2024-02-23T15:45-0300	2024-02-23T18:40:00Z	2024-02-23T18:45:00Z	5	minutes
TANGO2_NIS_85	Føyn Harbor	https://data.aad.gov.au/aadc/gaz/scar/display_name.cfm?gaz_id=125337	NIS	2024-02-23T00:00:00Z		1899-12-31T15:49:00Z	1899-12-31T15:54:00Z	15:49-03:00/15:54-03:00	2024-02-23	0.00347222222222221	Axelle Brusselman	https://orcid.org/0009-0002-6669-2911	64°32,9136	61°59,6779			0			3642	3647				https://www.wikidata.org/wiki/Q137398578	Niskin bottle | https://doi.org/10.5281/zenodo.11653690 | Water samples were collected using Niskin bottles during NIS events as part of the expedition environmental parameters and biogeochemistry work. See Table 5 (Parameters to be measured in the water column) and Table 11 (Overview of the sampling effort … (DIV = diving event, NIS = Niskin event)) for the list of parameters and station-level sampling effort details.	-64.54856		-61.99463166666666		-64.5486	-61.9946			2024-02-23	15:49-03:00/15:54-03:00	FALSE	2024-02-23T15:49-0300	2024-02-23T15:54-0300	2024-02-23T18:49:00Z	2024-02-23T18:54:00Z	5	minutes
TANGO2_NIS_86	Føyn Harbor	https://data.aad.gov.au/aadc/gaz/scar/display_name.cfm?gaz_id=125337	NIS	2024-02-23T00:00:00Z		1899-12-31T16:23:00Z	1899-12-31T16:28:00Z	16:23-03:00/16:28-03:00	2024-02-23	0.00347222222222221	Axelle Brusselman	https://orcid.org/0009-0002-6669-2911	64°32,9765	61°58,6919						3648	3653				https://www.wikidata.org/wiki/Q137398578	Niskin bottle | https://doi.org/10.5281/zenodo.11653690 | Water samples were collected using Niskin bottles during NIS events as part of the expedition environmental parameters and biogeochemistry work. See Table 5 (Parameters to be measured in the water column) and Table 11 (Overview of the sampling effort … (DIV = diving event, NIS = Niskin event)) for the list of parameters and station-level sampling effort details.	-64.54960833333334		-61.97819833333333		-64.5496	-61.9782			2024-02-23	16:23-03:00/16:28-03:00	FALSE	2024-02-23T16:23-0300	2024-02-23T16:28-0300	2024-02-23T19:23:00Z	2024-02-23T19:28:00Z	5	minutes
TANGO2_NIS_87	Føyn Harbor	https://data.aad.gov.au/aadc/gaz/scar/display_name.cfm?gaz_id=125337	NIS	2024-02-23T00:00:00Z		1899-12-31T16:30:00Z	1899-12-31T16:35:00Z	16:30-03:00/16:35-03:00	2024-02-23	0.00347222222222221	Axelle Brusselman	https://orcid.org/0009-0002-6669-2911	64°33,881	61°58,8465						3654	3659				https://www.wikidata.org/wiki/Q137398578	Niskin bottle | https://doi.org/10.5281/zenodo.11653690 | Water samples were collected using Niskin bottles during NIS events as part of the expedition environmental parameters and biogeochemistry work. See Table 5 (Parameters to be measured in the water column) and Table 11 (Overview of the sampling effort … (DIV = diving event, NIS = Niskin event)) for the list of parameters and station-level sampling effort details.	-64.56468333333333		-61.980775		-64.5647	-61.9808			2024-02-23	16:30-03:00/16:35-03:00	FALSE	2024-02-23T16:30-0300	2024-02-23T16:35-0300	2024-02-23T19:30:00Z	2024-02-23T19:35:00Z	5	minutes
TANGO2_NIS_88	Føyn Harbor	https://data.aad.gov.au/aadc/gaz/scar/display_name.cfm?gaz_id=125337	NIS	2024-02-23T00:00:00Z		1899-12-31T16:37:00Z	1899-12-31T16:42:00Z	16:37-03:00/16:42-03:00	2024-02-23	0.00347222222222221	Axelle Brusselman	https://orcid.org/0009-0002-6669-2911	64°23,2124	61°59,1108						3660	3665				https://www.wikidata.org/wiki/Q137398578	Niskin bottle | https://doi.org/10.5281/zenodo.11653690 | Water samples were collected using Niskin bottles during NIS events as part of the expedition environmental parameters and biogeochemistry work. See Table 5 (Parameters to be measured in the water column) and Table 11 (Overview of the sampling effort … (DIV = diving event, NIS = Niskin event)) for the list of parameters and station-level sampling effort details.	-64.38687333333333		-61.98518		-64.3869	-61.9852			2024-02-23	16:37-03:00/16:42-03:00	FALSE	2024-02-23T16:37-0300	2024-02-23T16:42-0300	2024-02-23T19:37:00Z	2024-02-23T19:42:00Z	5	minutes
TANGO2_NIS_89	Føyn Harbor	https://data.aad.gov.au/aadc/gaz/scar/display_name.cfm?gaz_id=125337	NIS	2024-02-23T00:00:00Z		1899-12-31T16:44:00Z	1899-12-31T16:49:00Z	16:44-03:00/16:49-03:00	2024-02-23	0.00347222222222221	Axelle Brusselman	https://orcid.org/0009-0002-6669-2911	64°33,4487	61°59,3062						3666	3671				https://www.wikidata.org/wiki/Q137398578	Niskin bottle | https://doi.org/10.5281/zenodo.11653690 | Water samples were collected using Niskin bottles during NIS events as part of the expedition environmental parameters and biogeochemistry work. See Table 5 (Parameters to be measured in the water column) and Table 11 (Overview of the sampling effort … (DIV = diving event, NIS = Niskin event)) for the list of parameters and station-level sampling effort details.	-64.55747833333334		-61.988436666666665		-64.5575	-61.9884			2024-02-23	16:44-03:00/16:49-03:00	FALSE	2024-02-23T16:44-0300	2024-02-23T16:49-0300	2024-02-23T19:44:00Z	2024-02-23T19:49:00Z	5	minutes
TANGO2_NIS_90	Føyn Harbor	https://data.aad.gov.au/aadc/gaz/scar/display_name.cfm?gaz_id=125337	NIS	2024-02-23T00:00:00Z		1899-12-31T16:51:00Z	1899-12-31T16:56:00Z	16:51-03:00/16:56-03:00	2024-02-23	0.003472222222222321	Axelle Brusselman	https://orcid.org/0009-0002-6669-2911	64°33,6567	61°59,4306						3672	3677				https://www.wikidata.org/wiki/Q137398578	Niskin bottle | https://doi.org/10.5281/zenodo.11653690 | Water samples were collected using Niskin bottles during NIS events as part of the expedition environmental parameters and biogeochemistry work. See Table 5 (Parameters to be measured in the water column) and Table 11 (Overview of the sampling effort … (DIV = diving event, NIS = Niskin event)) for the list of parameters and station-level sampling effort details.	-64.560945		-61.99051		-64.5609	-61.9905			2024-02-23	16:51-03:00/16:56-03:00	FALSE	2024-02-23T16:51-0300	2024-02-23T16:56-0300	2024-02-23T19:51:00Z	2024-02-23T19:56:00Z	5	minutes
TANGO2_NIS_91	Føyn Harbor	https://data.aad.gov.au/aadc/gaz/scar/display_name.cfm?gaz_id=125337	NIS	2024-02-23T00:00:00Z		1899-12-31T16:58:00Z	1899-12-31T17:03:00Z	16:58-03:00/17:03-03:00	2024-02-23	0.00347222222222221	Axelle Brusselman	https://orcid.org/0009-0002-6669-2911	64°33,8380	61°59,4638						3678	3683				https://www.wikidata.org/wiki/Q137398578	Niskin bottle | https://doi.org/10.5281/zenodo.11653690 | Water samples were collected using Niskin bottles during NIS events as part of the expedition environmental parameters and biogeochemistry work. See Table 5 (Parameters to be measured in the water column) and Table 11 (Overview of the sampling effort … (DIV = diving event, NIS = Niskin event)) for the list of parameters and station-level sampling effort details.	-64.56396666666667		-61.99106333333334		-64.564	-61.9911			2024-02-23	16:58-03:00/17:03-03:00	FALSE	2024-02-23T16:58-0300	2024-02-23T17:03-0300	2024-02-23T19:58:00Z	2024-02-23T20:03:00Z	5	minutes
TANGO2_NIS_92	Føyn Harbor	https://data.aad.gov.au/aadc/gaz/scar/display_name.cfm?gaz_id=125337	NIS	2024-02-23T00:00:00Z		1899-12-31T17:05:00Z	1899-12-31T17:10:00Z	17:05-03:00/17:10-03:00	2024-02-23	0.00347222222222221	Axelle Brusselman	https://orcid.org/0009-0002-6669-2911	64°34,0091	61°59,6661						3684	3689				https://www.wikidata.org/wiki/Q137398578	Niskin bottle | https://doi.org/10.5281/zenodo.11653690 | Water samples were collected using Niskin bottles during NIS events as part of the expedition environmental parameters and biogeochemistry work. See Table 5 (Parameters to be measured in the water column) and Table 11 (Overview of the sampling effort … (DIV = diving event, NIS = Niskin event)) for the list of parameters and station-level sampling effort details.	-64.56681833333333		-61.994435		-64.5668	-61.9944			2024-02-23	17:05-03:00/17:10-03:00	FALSE	2024-02-23T17:05-0300	2024-02-23T17:10-0300	2024-02-23T20:05:00Z	2024-02-23T20:10:00Z	5	minutes
TANGO2_RD_13	Føyn Harbor	https://data.aad.gov.au/aadc/gaz/scar/display_name.cfm?gaz_id=125337	RD	2024-02-24T00:00:00Z		1899-12-31T08:20:00Z	1899-12-31T08:40:00Z	08:20-03:00/08:40-03:00	2024-02-24	0.013888888888888895	Henri Robert		64°32,792	61°59,896	64°32,779	61°59,787	17	22		3773	3781				https://www.wikidata.org/wiki/Q137398578	Rauschert Dredge | https://doi.org/10.5281/zenodo.11653690 | A “Rauschert” dredge (RD) was used at each working area to sample the general macro-benthic communities. This small dredge designed by Biologist Martin Rauschert (AWI) several decades ago is an excellent tool (widely used in the scientific benthic research community) to capture a large diversity of specimen of all taxa and keep them in a good shape for further identification and processing. The dredge consists of a 50x50x20 cm double sided sledge-like metal frame that slides on the sea floor (on either side). Organisms are lifted from the sediment surface by a chain that scrapes the seabed under the dredge’s frame. At the bottom of the dredge a large 50x70x20 cm bag of 500µ mesh is attached to collect all the floating organisms lifted by the chain. This collecting bag is protected by a coarse nylon 1 cm mesh size bag to support the weight of the sample collected. Both bags are protected on top and at the bottom by a rubber carpet that covers the whole surface of the collecting bag. The RD is usually deployed from a zodiac but can also be deployed from the deck of Australis. The RD is being held and hauled by a rope of at least 1.5 times the length of the depth of deployment. A distance of 100 meter is travelled to the end point of deployment at very low speed that allows the dredge to sweep the sea floor without floating above the ground. At the end point the rope is pulled by hand until the RD reaches the water surface. The whole device containing the samples in its bags is placed in a bucket for further processing on the ship’s deck. A total of 15 RD was deployed during the TANGO2 expedition at each station’s point of interest (deeper “pools”, canyons, channel slope, plateau).	-64.54653333333333	-64.54631666666667	-61.998266666666666	-61.99645	-64.5464	-61.9974	90.19904973251924	65	2024-02-24	08:20-03:00/08:40-03:00	FALSE	2024-02-24T08:20-0300	2024-02-24T08:40-0300	2024-02-24T11:20:00Z	2024-02-24T11:40:00Z	20	minutes
TANGO2_INC_4	Føyn Harbor	https://data.aad.gov.au/aadc/gaz/scar/display_name.cfm?gaz_id=125337	INC	2024-02-24T00:00:00Z	2024-02-25T00:00:00Z	1899-12-31T06:00:00Z	1899-12-31T08:55:00Z		2024-02-24T06:00-03:00/2024-02-25T08:55-03:00	26.916666666744277	Axelle Brusselman	https://orcid.org/0009-0002-6669-2911	64°32,7875	61°69,7601			5	15		3784	3796				https://www.wikidata.org/wiki/Q137398578	13C Incubations (AB) | https://doi.org/10.5281/zenodo.11653690 | 13C incubations are listed among the gear deployed during the TANGO 2 expedition (Table 3: List of gear deployed during the TANGO 2 expedition).	-64.54645833333333		-62.162668333333336		-64.5465	-62.1627			2024-02-24T06:00-03:00/2024-02-25T08:55-03:00		TRUE	2024-02-24T06:00-0300	2024-02-25T08:55-0300	2024-02-24T09:00:00Z	2024-02-25T11:55:00Z	1615	minutes
TANGO2_NIS_94	Føyn Harbor	https://data.aad.gov.au/aadc/gaz/scar/display_name.cfm?gaz_id=125337	NIS	2024-02-24T00:00:00Z		1899-12-31T10:00:00Z	1899-12-31T11:00:00Z	10:00-03:00/11:00-03:00	2024-02-24	0.04166666666666663	Axelle Brusselman	https://orcid.org/0009-0002-6669-2911	64°33,2398	61°59,9376			0	20		3809	3850				https://www.wikidata.org/wiki/Q137398578	Niskin bottle | https://doi.org/10.5281/zenodo.11653690 | Water samples were collected using Niskin bottles during NIS events as part of the expedition environmental parameters and biogeochemistry work. See Table 5 (Parameters to be measured in the water column) and Table 11 (Overview of the sampling effort … (DIV = diving event, NIS = Niskin event)) for the list of parameters and station-level sampling effort details.	-64.55399666666666		-61.99896		-64.554	-61.999			2024-02-24	10:00-03:00/11:00-03:00	FALSE	2024-02-24T10:00-0300	2024-02-24T11:00-0300	2024-02-24T13:00:00Z	2024-02-24T14:00:00Z	60	minutes
TANGO2_DIV_30	Føyn Harbor	https://data.aad.gov.au/aadc/gaz/scar/display_name.cfm?gaz_id=125337	DIV	2024-02-24T00:00:00Z		1899-12-31T09:06:00Z	1899-12-31T09:50:00Z	09:06-03:00/09:50-03:00	2024-02-24	0.030555555555555558	Martin Dogniez | Anthony Voisin	https://orcid.org/0000-0002-9708-1761 | https://orcid.org/0000-0003-3696-4445	64°32,796	61°59,797				22							https://www.wikidata.org/wiki/Q137398578	Scuba Divers | https://doi.org/10.5281/zenodo.11653690 | Diving activities are reported in the cruise report (see Table 17 Summary of diving activities during TANGO2). Underwater imagery was shot by the divers Team (Lucas Terrana, Lea Katz, Camille Moreau, Martin Dogniez and Anthony Voisin).	-64.5466		-61.99661666666667		-64.5466	-61.9966			2024-02-24	09:06-03:00/09:50-03:00	FALSE	2024-02-24T09:06-0300	2024-02-24T09:50-0300	2024-02-24T12:06:00Z	2024-02-24T12:50:00Z	44	minutes
TANGO2_DIV_31	Føyn Harbor	https://data.aad.gov.au/aadc/gaz/scar/display_name.cfm?gaz_id=125337	DIV	2024-02-24T00:00:00Z		1899-12-31T10:23:00Z	1899-12-31T11:04:00Z	10:23-03:00/11:04-03:00	2024-02-24	0.028472222222222232	Camille Moreau | Lucas Terrana	https://orcid.org/0000-0002-0981-7442 | https://orcid.org/0000-0001-5767-3220	64°33,2475	62°00,188				30		3797	3808				https://www.wikidata.org/wiki/Q137398578	Scuba Divers | https://doi.org/10.5281/zenodo.11653690 | Diving activities are reported in the cruise report (see Table 17 Summary of diving activities during TANGO2). Underwater imagery was shot by the divers Team (Lucas Terrana, Lea Katz, Camille Moreau, Martin Dogniez and Anthony Voisin).	-64.554125		-62.00313333333333		-64.5541	-62.0031			2024-02-24	10:23-03:00/11:04-03:00	FALSE	2024-02-24T10:23-0300	2024-02-24T11:04-0300	2024-02-24T13:23:00Z	2024-02-24T14:04:00Z	41	minutes
TANGO2_NIS_95	Føyn Harbor	https://data.aad.gov.au/aadc/gaz/scar/display_name.cfm?gaz_id=125337	NIS	2024-02-24T00:00:00Z		1899-12-31T13:30:00Z	1899-12-31T14:15:00Z	13:30-03:00/14:15-03:00	2024-02-24	0.03125	Axelle Brusselman	https://orcid.org/0009-0002-6669-2911	64°33,49305	61°59,8420				10		3851	3856				https://www.wikidata.org/wiki/Q137398578	Niskin bottle | https://doi.org/10.5281/zenodo.11653690 | Water samples were collected using Niskin bottles during NIS events as part of the expedition environmental parameters and biogeochemistry work. See Table 5 (Parameters to be measured in the water column) and Table 11 (Overview of the sampling effort … (DIV = diving event, NIS = Niskin event)) for the list of parameters and station-level sampling effort details.	-64.5582175		-61.997366666666665		-64.5582	-61.9974			2024-02-24	13:30-03:00/14:15-03:00	FALSE	2024-02-24T13:30-0300	2024-02-24T14:15-0300	2024-02-24T16:30:00Z	2024-02-24T17:15:00Z	45	minutes
TANGO2_DIV_32	Føyn Harbor	https://data.aad.gov.au/aadc/gaz/scar/display_name.cfm?gaz_id=125337	DIV	2024-02-24T00:00:00Z		1899-12-31T15:30:00Z	1899-12-31T15:55:00Z	15:30-03:00/15:55-03:00	2024-02-24	0.01736111111111105	Lucas Terrana | Camille Moreau	https://orcid.org/0000-0001-5767-3220 | https://orcid.org/0000-0002-0981-7442	64°32,8270	61°59,3230				35		3867	3872				https://www.wikidata.org/wiki/Q137398578	Scuba Divers | https://doi.org/10.5281/zenodo.11653690 | Diving activities are reported in the cruise report (see Table 17 Summary of diving activities during TANGO2). Underwater imagery was shot by the divers Team (Lucas Terrana, Lea Katz, Camille Moreau, Martin Dogniez and Anthony Voisin).	-64.54711666666667		-61.98871666666667		-64.5471	-61.9887			2024-02-24	15:30-03:00/15:55-03:00	FALSE	2024-02-24T15:30-0300	2024-02-24T15:55-0300	2024-02-24T18:30:00Z	2024-02-24T18:55:00Z	25	minutes
TANGO2_AT_6	Føyn Harbor	https://data.aad.gov.au/aadc/gaz/scar/display_name.cfm?gaz_id=125337	AT	2024-02-24T00:00:00Z	2024-02-26T00:00:00Z	1899-12-31T16:30:00Z	1899-12-31T13:00:00Z		2024-02-24T16:30-03:00/2024-02-26T13:00-03:00	44.49999999994179	Henri Robert									4114	4125				https://www.wikidata.org/wiki/Q137398578	Amphipod Trap | https://doi.org/10.5281/zenodo.11653690 | Baited “amphipod trap” (AT) are used to capture scavenging communities present in the selected areas. The “homemade” type of trap used during the expedition are composed of a coarse plastic mesh for protection of a 500µ fine mesh rolled around two rings of PVC pipes to produce a cylinder of 15x40 cm. Both end of the trap are equipped with a funnel with a 2 cm opening directed inward to prevent organisms to escape after penetrating the trap. The bait used consists of mackerel tied inside the trap. Traps are deployed in pairs, secured together with a metal frame. A 5kg ballast weight is used to anchor the traps on ground level. The system holds to a rope equipped with a sailing buoy floating at the surface for easy spotting and recovery of the trap. The device is deployed for a minimum of 24 hours and maximum 48 hours. Longer deployment may allow scavengers to completely consume the bait, roam around and eventually escape from the trap. Shorter deployment time may not provide enough time for detection of the bait by the scavenger. At each sampling station, AT were deployed at two different locations bringing the deployment total to 6 AT for the TANGO2 expedition.									2024-02-24T16:30-03:00/2024-02-26T13:00-03:00		TRUE	2024-02-24T16:30-0300	2024-02-26T13:00-0300	2024-02-24T19:30:00Z	2024-02-26T16:00:00Z	2670	minutes
TANGO2_ROV_18	Føyn Harbor	https://data.aad.gov.au/aadc/gaz/scar/display_name.cfm?gaz_id=125337	ROV	2024-02-24T00:00:00Z		1899-12-31T16:00:00Z	1899-12-31T16:30:00Z	16:00-03:00/16:30-03:00	2024-02-24	0.02083333333333337	Lea Katz | Henri Robert	https://orcid.org/0000-0001-5748-602X	64°32,7875	61°59,7601											https://www.wikidata.org/wiki/Q137398578	Remotely Operated Vehicle | https://doi.org/10.5281/zenodo.11653690 | A small affordable Remotely Operated Vehicle (ROV), the BlueROV2 from BlueRobotics, was equipped with a downward looking GoPro (HERO10), a single-beam sonar and a pair of lasers. The ROV was deployed from the Australis itself or from a Bombard C4 tender. With a person managing the tether to assist the pilot. GPS coordinates were taken on the surface using a handheld GPS (Garmin Oregon 600), then the ROV headed straight downwards until reaching the bottom. It was then flown at a constant altitude above the seafloor (1 meter), with a known bearing, for approx. 15 minutes at a pace of 0,1m/s, resulting in transects between 90-110 meters, depending on the geomorphological characteristics of the site. Then, it was brought back straight upwards to the surface and a second GPS point was recorded. If, for weather or logistic reasons, it was not possible to retrieve the second GPS point, it was calculated afterwards using distance and bearing.	-64.54645833333333		-61.996001666666665		-64.5465	-61.996			2024-02-24	16:00-03:00/16:30-03:00	FALSE	2024-02-24T16:00-0300	2024-02-24T16:30-0300	2024-02-24T19:00:00Z	2024-02-24T19:30:00Z	30	minutes
TANGO2_ROV_19	Føyn Harbor	https://data.aad.gov.au/aadc/gaz/scar/display_name.cfm?gaz_id=125337	ROV	2024-02-24T00:00:00Z		1899-12-31T17:00:00Z	1899-12-31T18:00:00Z	17:00-03:00/18:00-03:00	2024-02-24	0.04166666666666663	Lea Katz | Henri Robert	https://orcid.org/0000-0001-5748-602X	64°33,251	62°0,342											https://www.wikidata.org/wiki/Q137398578	Remotely Operated Vehicle | https://doi.org/10.5281/zenodo.11653690 | A small affordable Remotely Operated Vehicle (ROV), the BlueROV2 from BlueRobotics, was equipped with a downward looking GoPro (HERO10), a single-beam sonar and a pair of lasers. The ROV was deployed from the Australis itself or from a Bombard C4 tender. With a person managing the tether to assist the pilot. GPS coordinates were taken on the surface using a handheld GPS (Garmin Oregon 600), then the ROV headed straight downwards until reaching the bottom. It was then flown at a constant altitude above the seafloor (1 meter), with a known bearing, for approx. 15 minutes at a pace of 0,1m/s, resulting in transects between 90-110 meters, depending on the geomorphological characteristics of the site. Then, it was brought back straight upwards to the surface and a second GPS point was recorded. If, for weather or logistic reasons, it was not possible to retrieve the second GPS point, it was calculated afterwards using distance and bearing.	-64.55418333333333		-62.0057		-64.5542	-62.0057			2024-02-24	17:00-03:00/18:00-03:00	FALSE	2024-02-24T17:00-0300	2024-02-24T18:00-0300	2024-02-24T20:00:00Z	2024-02-24T21:00:00Z	60	minutes
TANGO2_DRM_10	Føyn Harbor	https://data.aad.gov.au/aadc/gaz/scar/display_name.cfm?gaz_id=125337	DRM	2024-02-24T00:00:00Z		1899-12-31T16:35:00Z	1899-12-31T17:51:00Z	16:35-03:00/17:51-03:00	2024-02-24	0.05277777777777781	Bruno Danis	https://orcid.org/0000-0002-9037-7623	64°32,7875	61°69,7601											https://www.wikidata.org/wiki/Q137398578	Drone Mapping | https://doi.org/10.5281/zenodo.11653690 | Aerial footage was shot by Bruno Danis, Camille Moreau and Henri Robert using DJI MavicPro2, DJI Mavic Mini Pro3 drones, for mapping, photogrammetry and documentation purposes. Drone-derived media were gathered in the framework of the expedition, both for outreach and research purposes.	-64.54645833333333		-62.162668333333336		-64.5465	-62.1627			2024-02-24	16:35-03:00/17:51-03:00	FALSE	2024-02-24T16:35-0300	2024-02-24T17:51-0300	2024-02-24T19:35:00Z	2024-02-24T20:51:00Z	76	minutes
TANGO2_DIV_27	Føyn Harbor	https://data.aad.gov.au/aadc/gaz/scar/display_name.cfm?gaz_id=125337	DIV	2024-02-23T00:00:00Z		1899-12-31T09:00:00Z	1899-12-31T09:45:00Z	09:00-03:00/09:45-03:00	2024-02-23	0.03125	Martin Dogniez | Anthony Voisin	https://orcid.org/0000-0002-9708-1761 | https://orcid.org/0000-0003-3696-4445	64°32,803	61°59,7795				25							https://www.wikidata.org/wiki/Q137398578	Scuba Divers | https://doi.org/10.5281/zenodo.11653690 | Diving activities are reported in the cruise report (see Table 17 Summary of diving activities during TANGO2). Underwater imagery was shot by the divers Team (Lucas Terrana, Lea Katz, Camille Moreau, Martin Dogniez and Anthony Voisin).	-64.54671666666667		-61.996325		-64.5467	-61.9963			2024-02-23	09:00-03:00/09:45-03:00	FALSE	2024-02-23T09:00-0300	2024-02-23T09:45-0300	2024-02-23T12:00:00Z	2024-02-23T12:45:00Z	45	minutes
TANGO2_ROV_17	Føyn Harbor	https://data.aad.gov.au/aadc/gaz/scar/display_name.cfm?gaz_id=125337	ROV	2024-02-23T00:00:00Z		1899-12-31T13:40:00Z	1899-12-31T14:00:00Z	13:40-03:00/14:00-03:00	2024-02-23	0.01388888888888895	Lea Katz | Henri Robert	https://orcid.org/0000-0001-5748-602X	64°33,251	62°0,342											https://www.wikidata.org/wiki/Q137398578	Remotely Operated Vehicle | https://doi.org/10.5281/zenodo.11653690 | A small affordable Remotely Operated Vehicle (ROV), the BlueROV2 from BlueRobotics, was equipped with a downward looking GoPro (HERO10), a single-beam sonar and a pair of lasers. The ROV was deployed from the Australis itself or from a Bombard C4 tender. With a person managing the tether to assist the pilot. GPS coordinates were taken on the surface using a handheld GPS (Garmin Oregon 600), then the ROV headed straight downwards until reaching the bottom. It was then flown at a constant altitude above the seafloor (1 meter), with a known bearing, for approx. 15 minutes at a pace of 0,1m/s, resulting in transects between 90-110 meters, depending on the geomorphological characteristics of the site. Then, it was brought back straight upwards to the surface and a second GPS point was recorded. If, for weather or logistic reasons, it was not possible to retrieve the second GPS point, it was calculated afterwards using distance and bearing.	-64.55418333333333		-62.0057		-64.5542	-62.0057			2024-02-23	13:40-03:00/14:00-03:00	FALSE	2024-02-23T13:40-0300	2024-02-23T14:00-0300	2024-02-23T16:40:00Z	2024-02-23T17:00:00Z	20	minutes
TANGO2_DIV_28	Føyn Harbor	https://data.aad.gov.au/aadc/gaz/scar/display_name.cfm?gaz_id=125337	DIV	2024-02-23T00:00:00Z		1899-12-31T09:00:00Z	1899-12-31T09:45:00Z	09:00-03:00/09:45-03:00	2024-02-23	0.03125	Lucas Terrana | Camille Moreau | Lea Katz	https://orcid.org/0000-0001-5767-3220 | https://orcid.org/0000-0002-0981-7442 | https://orcid.org/0000-0001-5748-602X	64°32,809	61°59,2050				32		3697					https://www.wikidata.org/wiki/Q137398578	Scuba Divers | https://doi.org/10.5281/zenodo.11653690 | Diving activities are reported in the cruise report (see Table 17 Summary of diving activities during TANGO2). Underwater imagery was shot by the divers Team (Lucas Terrana, Lea Katz, Camille Moreau, Martin Dogniez and Anthony Voisin).	-64.54681666666667		-61.98675		-64.5468	-61.9868			2024-02-23	09:00-03:00/09:45-03:00	FALSE	2024-02-23T09:00-0300	2024-02-23T09:45-0300	2024-02-23T12:00:00Z	2024-02-23T12:45:00Z	45	minutes
TANGO2_DIV_29	Føyn Harbor	https://data.aad.gov.au/aadc/gaz/scar/display_name.cfm?gaz_id=125337	DIV	2024-02-23T00:00:00Z		1899-12-31T15:46:00Z	1899-12-31T16:34:00Z	15:46-03:00/16:34-03:00	2024-02-23	0.033333333333333326	Camille Moreau | Lucas Terrana | Martin Dogniez	https://orcid.org/0000-0002-0981-7442 | https://orcid.org/0000-0001-5767-3220 | https://orcid.org/0000-0002-9708-1761	64°33,49305	61°59,8420				36		3702	3772				https://www.wikidata.org/wiki/Q137398578	Scuba Divers | https://doi.org/10.5281/zenodo.11653690 | Diving activities are reported in the cruise report (see Table 17 Summary of diving activities during TANGO2). Underwater imagery was shot by the divers Team (Lucas Terrana, Lea Katz, Camille Moreau, Martin Dogniez and Anthony Voisin).	-64.5582175		-61.997366666666665		-64.5582	-61.9974			2024-02-23	15:46-03:00/16:34-03:00	FALSE	2024-02-23T15:46-0300	2024-02-23T16:34-0300	2024-02-23T18:46:00Z	2024-02-23T19:34:00Z	48	minutes
TANGO2_VV_4	Føyn Harbor	https://data.aad.gov.au/aadc/gaz/scar/display_name.cfm?gaz_id=125337	VV	2024-02-23T00:00:00Z		1899-12-31T13:00:00Z	1899-12-31T13:30:00Z	13:00-03:00/13:30-03:00	2024-02-23	0.02083333333333337	Emil De Borger	https://orcid.org/0000-0003-4905-1637	64°32,803	61°59,7795											https://www.wikidata.org/wiki/Q137398578		-64.54671666666667		-61.996325		-64.5467	-61.9963			2024-02-23	13:00-03:00/13:30-03:00	FALSE	2024-02-23T13:00-0300	2024-02-23T13:30-0300	2024-02-23T16:00:00Z	2024-02-23T16:30:00Z	30	minutes
TANGO2_DRM_9	Føyn Harbor	https://data.aad.gov.au/aadc/gaz/scar/display_name.cfm?gaz_id=125337	DRM	2024-02-23T00:00:00Z		1899-12-31T14:18:00Z	1899-12-31T14:42:00Z	14:18-03:00/14:42-03:00	2024-02-23	0.01666666666666672	Bruno Danis	https://orcid.org/0000-0002-9037-7623	64°32,7875	61°69,7601											https://www.wikidata.org/wiki/Q137398578	Drone Mapping | https://doi.org/10.5281/zenodo.11653690 | Aerial footage was shot by Bruno Danis, Camille Moreau and Henri Robert using DJI MavicPro2, DJI Mavic Mini Pro3 drones, for mapping, photogrammetry and documentation purposes. Drone-derived media were gathered in the framework of the expedition, both for outreach and research purposes.	-64.54645833333333		-62.162668333333336		-64.5465	-62.1627			2024-02-23	14:18-03:00/14:42-03:00	FALSE	2024-02-23T14:18-0300	2024-02-23T14:42-0300	2024-02-23T17:18:00Z	2024-02-23T17:42:00Z	24	minutes
TANGO2_DRM_8	Føyn Harbor	https://data.aad.gov.au/aadc/gaz/scar/display_name.cfm?gaz_id=125337	DRM	2024-02-23T00:00:00Z		1899-12-31T10:46:00Z	1899-12-31T13:12:00Z	10:46-03:00/13:12-03:00	2024-02-23	0.10138888888888892	Bruno Danis	https://orcid.org/0000-0002-9037-7623	64°32,7875	61°69,7601											https://www.wikidata.org/wiki/Q137398578	Drone Mapping | https://doi.org/10.5281/zenodo.11653690 | Aerial footage was shot by Bruno Danis, Camille Moreau and Henri Robert using DJI MavicPro2, DJI Mavic Mini Pro3 drones, for mapping, photogrammetry and documentation purposes. Drone-derived media were gathered in the framework of the expedition, both for outreach and research purposes.	-64.54645833333333		-62.162668333333336		-64.5465	-62.1627			2024-02-23	10:46-03:00/13:12-03:00	FALSE	2024-02-23T10:46-0300	2024-02-23T13:12-0300	2024-02-23T13:46:00Z	2024-02-23T16:12:00Z	146	minutes
TANGO2_RD_14	Føyn Harbor	https://data.aad.gov.au/aadc/gaz/scar/display_name.cfm?gaz_id=125337	RD	2024-02-25T00:00:00Z		1899-12-31T08:30:00Z	1899-12-31T08:50:00Z	08:30-03:00/08:50-03:00	2024-02-25	0.013888888888888895	Henri Robert | Bruno Danis	https://orcid.org/0000-0002-9037-7623	64°32,688	61°59,117	64°32,707	61°59,181	35	50		3894	3900				https://www.wikidata.org/wiki/Q137398578	Rauschert Dredge | https://doi.org/10.5281/zenodo.11653690 | A “Rauschert” dredge (RD) was used at each working area to sample the general macro-benthic communities. This small dredge designed by Biologist Martin Rauschert (AWI) several decades ago is an excellent tool (widely used in the scientific benthic research community) to capture a large diversity of specimen of all taxa and keep them in a good shape for further identification and processing. The dredge consists of a 50x50x20 cm double sided sledge-like metal frame that slides on the sea floor (on either side). Organisms are lifted from the sediment surface by a chain that scrapes the seabed under the dredge’s frame. At the bottom of the dredge a large 50x70x20 cm bag of 500µ mesh is attached to collect all the floating organisms lifted by the chain. This collecting bag is protected by a coarse nylon 1 cm mesh size bag to support the weight of the sample collected. Both bags are protected on top and at the bottom by a rubber carpet that covers the whole surface of the collecting bag. The RD is usually deployed from a zodiac but can also be deployed from the deck of Australis. The RD is being held and hauled by a rope of at least 1.5 times the length of the depth of deployment. A distance of 100 meter is travelled to the end point of deployment at very low speed that allows the dredge to sweep the sea floor without floating above the ground. At the end point the rope is pulled by hand until the RD reaches the water surface. The whole device containing the samples in its bags is placed in a bucket for further processing on the ship’s deck. A total of 15 RD was deployed during the TANGO2 expedition at each station’s point of interest (deeper “pools”, canyons, channel slope, plateau).	-64.5448	-64.54511666666667	-61.985283333333335	-61.98635	-64.545	-61.9858	62.026028400658504	51	2024-02-25	08:30-03:00/08:50-03:00	FALSE	2024-02-25T08:30-0300	2024-02-25T08:50-0300	2024-02-25T11:30:00Z	2024-02-25T11:50:00Z	20	minutes
TANGO2_DIV_32	Føyn Harbor	https://data.aad.gov.au/aadc/gaz/scar/display_name.cfm?gaz_id=125337	DIV	2024-02-25T00:00:00Z		1899-12-31T15:30:00Z	1899-12-31T15:55:00Z	15:30-03:00/15:55-03:00	2024-02-25	0.01736111111111105	Lucas Terrana | Camille Moreau | Manon Bayat	https://orcid.org/0000-0001-5767-3220 | https://orcid.org/0000-0002-0981-7442	64°32,8270	61°59,3230				35							https://www.wikidata.org/wiki/Q137398578	Scuba Divers | https://doi.org/10.5281/zenodo.11653690 | Diving activities are reported in the cruise report (see Table 17 Summary of diving activities during TANGO2). Underwater imagery was shot by the divers Team (Lucas Terrana, Lea Katz, Camille Moreau, Martin Dogniez and Anthony Voisin).	-64.54711666666667		-61.98871666666667		-64.5471	-61.9887			2024-02-25	15:30-03:00/15:55-03:00	FALSE	2024-02-25T15:30-0300	2024-02-25T15:55-0300	2024-02-25T18:30:00Z	2024-02-25T18:55:00Z	25	minutes
TANGO2_DIV_33	Føyn Harbor	https://data.aad.gov.au/aadc/gaz/scar/display_name.cfm?gaz_id=125337	DIV	2024-02-25T00:00:00Z		1899-12-31T09:15:00Z	1899-12-31T10:02:00Z	09:15-03:00/10:02-03:00	2024-02-25	0.032638888888888884	Martin Dogniez | Anthony Voisin	https://orcid.org/0000-0002-9708-1761 | https://orcid.org/0000-0003-3696-4445	64°35,2475	62°00,188				21							https://www.wikidata.org/wiki/Q137398578	Scuba Divers | https://doi.org/10.5281/zenodo.11653690 | Diving activities are reported in the cruise report (see Table 17 Summary of diving activities during TANGO2). Underwater imagery was shot by the divers Team (Lucas Terrana, Lea Katz, Camille Moreau, Martin Dogniez and Anthony Voisin).	-64.58745833333333		-62.00313333333333		-64.5875	-62.0031			2024-02-25	09:15-03:00/10:02-03:00	FALSE	2024-02-25T09:15-0300	2024-02-25T10:02-0300	2024-02-25T12:15:00Z	2024-02-25T13:02:00Z	47	minutes
TANGO2_ROV_20	Føyn Harbor	https://data.aad.gov.au/aadc/gaz/scar/display_name.cfm?gaz_id=125337	ROV	2024-02-25T00:00:00Z		1899-12-31T14:00:00Z	1899-12-31T16:00:00Z	14:00-03:00/16:00-03:00	2024-02-25	0.08333333333333326	Lea Katz | Henri Robert	https://orcid.org/0000-0001-5748-602X	64°32,8116	61°59,7695											https://www.wikidata.org/wiki/Q137398578	Remotely Operated Vehicle | https://doi.org/10.5281/zenodo.11653690 | A small affordable Remotely Operated Vehicle (ROV), the BlueROV2 from BlueRobotics, was equipped with a downward looking GoPro (HERO10), a single-beam sonar and a pair of lasers. The ROV was deployed from the Australis itself or from a Bombard C4 tender. With a person managing the tether to assist the pilot. GPS coordinates were taken on the surface using a handheld GPS (Garmin Oregon 600), then the ROV headed straight downwards until reaching the bottom. It was then flown at a constant altitude above the seafloor (1 meter), with a known bearing, for approx. 15 minutes at a pace of 0,1m/s, resulting in transects between 90-110 meters, depending on the geomorphological characteristics of the site. Then, it was brought back straight upwards to the surface and a second GPS point was recorded. If, for weather or logistic reasons, it was not possible to retrieve the second GPS point, it was calculated afterwards using distance and bearing.	-64.54686		-61.996158333333334		-64.5469	-61.9962			2024-02-25	14:00-03:00/16:00-03:00	FALSE	2024-02-25T14:00-0300	2024-02-25T16:00-0300	2024-02-25T17:00:00Z	2024-02-25T19:00:00Z	120	minutes
TANGO2_DRM_11	Føyn Harbor	https://data.aad.gov.au/aadc/gaz/scar/display_name.cfm?gaz_id=125337	DRM	2024-02-25T00:00:00Z		1899-12-31T15:52:00Z	1899-12-31T16:15:00Z	15:52-03:00/16:15-03:00	2024-02-25	0.015972222222222276	Bruno Danis	https://orcid.org/0000-0002-9037-7623	64°32,7875	61°69,7601											https://www.wikidata.org/wiki/Q137398578	Drone Mapping | https://doi.org/10.5281/zenodo.11653690 | Aerial footage was shot by Bruno Danis, Camille Moreau and Henri Robert using DJI MavicPro2, DJI Mavic Mini Pro3 drones, for mapping, photogrammetry and documentation purposes. Drone-derived media were gathered in the framework of the expedition, both for outreach and research purposes.	-64.54645833333333		-62.162668333333336		-64.5465	-62.1627			2024-02-25	15:52-03:00/16:15-03:00	FALSE	2024-02-25T15:52-0300	2024-02-25T16:15-0300	2024-02-25T18:52:00Z	2024-02-25T19:15:00Z	23	minutes
TANGO2_NIS_96	Føyn Harbor	https://data.aad.gov.au/aadc/gaz/scar/display_name.cfm?gaz_id=125337	NIS	2024-02-25T00:00:00Z		1899-12-31T14:00:00Z	1899-12-31T15:00:00Z	14:00-03:00/15:00-03:00	2024-02-25	0.04166666666666663	Axelle Brusselman	https://orcid.org/0009-0002-6669-2911	64°53,247	62°00,188			0	17		4002	4011				https://www.wikidata.org/wiki/Q137398578	Niskin bottle | https://doi.org/10.5281/zenodo.11653690 | Water samples were collected using Niskin bottles during NIS events as part of the expedition environmental parameters and biogeochemistry work. See Table 5 (Parameters to be measured in the water column) and Table 11 (Overview of the sampling effort … (DIV = diving event, NIS = Niskin event)) for the list of parameters and station-level sampling effort details.	-64.88745		-62.00313333333333		-64.8874	-62.0031			2024-02-25	14:00-03:00/15:00-03:00	FALSE	2024-02-25T14:00-0300	2024-02-25T15:00-0300	2024-02-25T17:00:00Z	2024-02-25T18:00:00Z	60	minutes
TANGO2_RD_15	Føyn Harbor	https://data.aad.gov.au/aadc/gaz/scar/display_name.cfm?gaz_id=125337	RD	2025-02-26T00:00:00Z		1899-12-31T08:20:00Z	1899-12-31T08:40:00Z	08:20-03:00/08:40-03:00	2025-02-26	0.013888888888888895	Henri Robert | Bruno Danis	https://orcid.org/0000-0002-9037-7623	64°32,285	61°59,182	64°32,349	61°59,344				4035	4045				https://www.wikidata.org/wiki/Q137398578	Rauschert Dredge | https://doi.org/10.5281/zenodo.11653690 | A “Rauschert” dredge (RD) was used at each working area to sample the general macro-benthic communities. This small dredge designed by Biologist Martin Rauschert (AWI) several decades ago is an excellent tool (widely used in the scientific benthic research community) to capture a large diversity of specimen of all taxa and keep them in a good shape for further identification and processing. The dredge consists of a 50x50x20 cm double sided sledge-like metal frame that slides on the sea floor (on either side). Organisms are lifted from the sediment surface by a chain that scrapes the seabed under the dredge’s frame. At the bottom of the dredge a large 50x70x20 cm bag of 500µ mesh is attached to collect all the floating organisms lifted by the chain. This collecting bag is protected by a coarse nylon 1 cm mesh size bag to support the weight of the sample collected. Both bags are protected on top and at the bottom by a rubber carpet that covers the whole surface of the collecting bag. The RD is usually deployed from a zodiac but can also be deployed from the deck of Australis. The RD is being held and hauled by a rope of at least 1.5 times the length of the depth of deployment. A distance of 100 meter is travelled to the end point of deployment at very low speed that allows the dredge to sweep the sea floor without floating above the ground. At the end point the rope is pulled by hand until the RD reaches the water surface. The whole device containing the samples in its bags is placed in a bucket for further processing on the ship’s deck. A total of 15 RD was deployed during the TANGO2 expedition at each station’s point of interest (deeper “pools”, canyons, channel slope, plateau).	-64.53808333333333	-64.53915	-61.98636666666667	-61.989066666666666	-64.5386	-61.9877	175.4858696251286	108	2025-02-26	08:20-03:00/08:40-03:00	FALSE	2025-02-26T08:20-0300	2025-02-26T08:40-0300	2025-02-26T11:20:00Z	2025-02-26T11:40:00Z	20	minutes
TANGO2_NIS_97	Føyn Harbor	https://data.aad.gov.au/aadc/gaz/scar/display_name.cfm?gaz_id=125337	NIS	2025-02-26T00:00:00Z		1899-12-31T08:15:00Z	1899-12-31T09:00:00Z	08:15-03:00/09:00-03:00	2025-02-26	0.03125	Manon Bayat | Axelle Brusselman	https://orcid.org/0009-0002-6669-2911	64°35,2475	62°00,188						4046	4050				https://www.wikidata.org/wiki/Q137398578	Niskin bottle | https://doi.org/10.5281/zenodo.11653690 | Water samples were collected using Niskin bottles during NIS events as part of the expedition environmental parameters and biogeochemistry work. See Table 5 (Parameters to be measured in the water column) and Table 11 (Overview of the sampling effort … (DIV = diving event, NIS = Niskin event)) for the list of parameters and station-level sampling effort details.	-64.58745833333333		-62.00313333333333		-64.5875	-62.0031			2025-02-26	08:15-03:00/09:00-03:00	FALSE	2025-02-26T08:15-0300	2025-02-26T09:00-0300	2025-02-26T11:15:00Z	2025-02-26T12:00:00Z	45	minutes
TANGO2_DIV_37	Føyn Harbor	https://data.aad.gov.au/aadc/gaz/scar/display_name.cfm?gaz_id=125337	DIV	2025-02-26T00:00:00Z		1899-12-31T09:22:00Z	1899-12-31T10:03:00Z	09:22-03:00/10:03-03:00	2025-02-26	0.028472222222222232	Anthony Voisin | Martin Dogniez	https://orcid.org/0000-0003-3696-4445 | https://orcid.org/0000-0002-9708-1761	64°32,363	62°00,027				23							https://www.wikidata.org/wiki/Q137398578	Scuba Divers | https://doi.org/10.5281/zenodo.11653690 | Diving activities are reported in the cruise report (see Table 17 Summary of diving activities during TANGO2). Underwater imagery was shot by the divers Team (Lucas Terrana, Lea Katz, Camille Moreau, Martin Dogniez and Anthony Voisin).	-64.53938333333333		-62.00045		-64.5394	-62.0004			2025-02-26	09:22-03:00/10:03-03:00	FALSE	2025-02-26T09:22-0300	2025-02-26T10:03-0300	2025-02-26T12:22:00Z	2025-02-26T13:03:00Z	41	minutes
TANGO2_DIV_38	Føyn Harbor	https://data.aad.gov.au/aadc/gaz/scar/display_name.cfm?gaz_id=125337	DIV	2025-02-26T00:00:00Z		1899-12-31T09:15:00Z	1899-12-31T10:15:00Z	09:15-03:00/10:15-03:00	2025-02-26	0.04166666666666663	Lucas Terrana | Camille Moreau | Lea Katz	https://orcid.org/0000-0001-5767-3220 | https://orcid.org/0000-0002-0981-7442 | https://orcid.org/0000-0001-5748-602X	64°33,28015	61°59,5692				23							https://www.wikidata.org/wiki/Q137398578	Scuba Divers | https://doi.org/10.5281/zenodo.11653690 | Diving activities are reported in the cruise report (see Table 17 Summary of diving activities during TANGO2). Underwater imagery was shot by the divers Team (Lucas Terrana, Lea Katz, Camille Moreau, Martin Dogniez and Anthony Voisin).	-64.55466916666667		-61.99282		-64.5547	-61.9928			2025-02-26	09:15-03:00/10:15-03:00	FALSE	2025-02-26T09:15-0300	2025-02-26T10:15-0300	2025-02-26T12:15:00Z	2025-02-26T13:15:00Z	60	minutes
TANGO2_ROV_21	Føyn Harbor	https://data.aad.gov.au/aadc/gaz/scar/display_name.cfm?gaz_id=125337	ROV	2025-02-26T00:00:00Z		1899-12-31T11:20:00Z	1899-12-31T12:30:00Z	11:20-03:00/12:30-03:00	2025-02-26	0.04861111111111116	Lea Katz | Henri Robert	https://orcid.org/0000-0001-5748-602X	64°32,086	61°59,385											https://www.wikidata.org/wiki/Q137398578	Remotely Operated Vehicle | https://doi.org/10.5281/zenodo.11653690 | A small affordable Remotely Operated Vehicle (ROV), the BlueROV2 from BlueRobotics, was equipped with a downward looking GoPro (HERO10), a single-beam sonar and a pair of lasers. The ROV was deployed from the Australis itself or from a Bombard C4 tender. With a person managing the tether to assist the pilot. GPS coordinates were taken on the surface using a handheld GPS (Garmin Oregon 600), then the ROV headed straight downwards until reaching the bottom. It was then flown at a constant altitude above the seafloor (1 meter), with a known bearing, for approx. 15 minutes at a pace of 0,1m/s, resulting in transects between 90-110 meters, depending on the geomorphological characteristics of the site. Then, it was brought back straight upwards to the surface and a second GPS point was recorded. If, for weather or logistic reasons, it was not possible to retrieve the second GPS point, it was calculated afterwards using distance and bearing.	-64.53476666666667		-61.98975		-64.5348	-61.9898			2025-02-26	11:20-03:00/12:30-03:00	FALSE	2025-02-26T11:20-0300	2025-02-26T12:30-0300	2025-02-26T14:20:00Z	2025-02-26T15:30:00Z	70	minutes
TANGO2_NIS_98	Føyn Harbor	https://data.aad.gov.au/aadc/gaz/scar/display_name.cfm?gaz_id=125337	NIS	2025-02-26T00:00:00Z		1899-12-31T14:02:00Z	1899-12-31T14:07:00Z	14:02-03:00/14:07-03:00	2025-02-26	0.00347222222222221	Axelle Brusselman	https://orcid.org/0009-0002-6669-2911	64°33,3338	62°00,0422						4061	4066				https://www.wikidata.org/wiki/Q137398578	Niskin bottle | https://doi.org/10.5281/zenodo.11653690 | Water samples were collected using Niskin bottles during NIS events as part of the expedition environmental parameters and biogeochemistry work. See Table 5 (Parameters to be measured in the water column) and Table 11 (Overview of the sampling effort … (DIV = diving event, NIS = Niskin event)) for the list of parameters and station-level sampling effort details.	-64.55556333333334		-62.000703333333334		-64.5556	-62.0007			2025-02-26	14:02-03:00/14:07-03:00	FALSE	2025-02-26T14:02-0300	2025-02-26T14:07-0300	2025-02-26T17:02:00Z	2025-02-26T17:07:00Z	5	minutes
TANGO2_NIS_99	Føyn Harbor	https://data.aad.gov.au/aadc/gaz/scar/display_name.cfm?gaz_id=125337	NIS	2025-02-26T00:00:00Z		1899-12-31T14:12:00Z	1899-12-31T14:17:00Z	14:12-03:00/14:17-03:00	2025-02-26	0.00347222222222221	Axelle Brusselman	https://orcid.org/0009-0002-6669-2911	64°33,2457	62°00,1970						4067	4072				https://www.wikidata.org/wiki/Q137398578	Niskin bottle | https://doi.org/10.5281/zenodo.11653690 | Water samples were collected using Niskin bottles during NIS events as part of the expedition environmental parameters and biogeochemistry work. See Table 5 (Parameters to be measured in the water column) and Table 11 (Overview of the sampling effort … (DIV = diving event, NIS = Niskin event)) for the list of parameters and station-level sampling effort details.	-64.554095		-62.003283333333336		-64.5541	-62.0033			2025-02-26	14:12-03:00/14:17-03:00	FALSE	2025-02-26T14:12-0300	2025-02-26T14:17-0300	2025-02-26T17:12:00Z	2025-02-26T17:17:00Z	5	minutes
TANGO2_NIS_100	Føyn Harbor	https://data.aad.gov.au/aadc/gaz/scar/display_name.cfm?gaz_id=125337	NIS	2025-02-26T00:00:00Z		1899-12-31T14:18:00Z	1899-12-31T14:23:00Z	14:18-03:00/14:23-03:00	2025-02-26	0.00347222222222221	Axelle Brusselman	https://orcid.org/0009-0002-6669-2911	64°33,1519	62°00,2322						4073	4078				https://www.wikidata.org/wiki/Q137398578	Niskin bottle | https://doi.org/10.5281/zenodo.11653690 | Water samples were collected using Niskin bottles during NIS events as part of the expedition environmental parameters and biogeochemistry work. See Table 5 (Parameters to be measured in the water column) and Table 11 (Overview of the sampling effort … (DIV = diving event, NIS = Niskin event)) for the list of parameters and station-level sampling effort details.	-64.55253166666667		-62.00387		-64.5525	-62.0039			2025-02-26	14:18-03:00/14:23-03:00	FALSE	2025-02-26T14:18-0300	2025-02-26T14:23-0300	2025-02-26T17:18:00Z	2025-02-26T17:23:00Z	5	minutes
TANGO2_NIS_101	Føyn Harbor	https://data.aad.gov.au/aadc/gaz/scar/display_name.cfm?gaz_id=125337	NIS	2025-02-26T00:00:00Z		1899-12-31T14:38:00Z	1899-12-31T14:43:00Z	14:38-03:00/14:43-03:00	2025-02-26	0.00347222222222221	Axelle Brusselman	https://orcid.org/0009-0002-6669-2911	64°33,0591	62°00,1238						4079	4084				https://www.wikidata.org/wiki/Q137398578	Niskin bottle | https://doi.org/10.5281/zenodo.11653690 | Water samples were collected using Niskin bottles during NIS events as part of the expedition environmental parameters and biogeochemistry work. See Table 5 (Parameters to be measured in the water column) and Table 11 (Overview of the sampling effort … (DIV = diving event, NIS = Niskin event)) for the list of parameters and station-level sampling effort details.	-64.550985		-62.00206333333333		-64.551	-62.0021			2025-02-26	14:38-03:00/14:43-03:00	FALSE	2025-02-26T14:38-0300	2025-02-26T14:43-0300	2025-02-26T17:38:00Z	2025-02-26T17:43:00Z	5	minutes
TANGO2_NIS_102	Føyn Harbor	https://data.aad.gov.au/aadc/gaz/scar/display_name.cfm?gaz_id=125337	NIS	2025-02-26T00:00:00Z		1899-12-31T14:55:00Z	1899-12-31T14:58:00Z	14:55-03:00/14:58-03:00	2025-02-26	0.002083333333333326	Axelle Brusselman	https://orcid.org/0009-0002-6669-2911	64°32,2766	61°59,5950						4085	4090				https://www.wikidata.org/wiki/Q137398578	Niskin bottle | https://doi.org/10.5281/zenodo.11653690 | Water samples were collected using Niskin bottles during NIS events as part of the expedition environmental parameters and biogeochemistry work. See Table 5 (Parameters to be measured in the water column) and Table 11 (Overview of the sampling effort … (DIV = diving event, NIS = Niskin event)) for the list of parameters and station-level sampling effort details.	-64.53794333333333		-61.99325		-64.5379	-61.9933			2025-02-26	14:55-03:00/14:58-03:00	FALSE	2025-02-26T14:55-0300	2025-02-26T14:58-0300	2025-02-26T17:55:00Z	2025-02-26T17:58:00Z	3	minutes
TANGO2_NIS_103	Føyn Harbor	https://data.aad.gov.au/aadc/gaz/scar/display_name.cfm?gaz_id=125337	NIS	2025-02-26T00:00:00Z		1899-12-31T15:00:00Z	1899-12-31T15:03:00Z	15:00-03:00/15:03-03:00	2025-02-26	0.002083333333333326	Axelle Brusselman	https://orcid.org/0009-0002-6669-2911	64°32,3589	61°59,5543						4091	4096				https://www.wikidata.org/wiki/Q137398578	Niskin bottle | https://doi.org/10.5281/zenodo.11653690 | Water samples were collected using Niskin bottles during NIS events as part of the expedition environmental parameters and biogeochemistry work. See Table 5 (Parameters to be measured in the water column) and Table 11 (Overview of the sampling effort … (DIV = diving event, NIS = Niskin event)) for the list of parameters and station-level sampling effort details.	-64.539315		-61.99257166666666		-64.5393	-61.9926			2025-02-26	15:00-03:00/15:03-03:00	FALSE	2025-02-26T15:00-0300	2025-02-26T15:03-0300	2025-02-26T18:00:00Z	2025-02-26T18:03:00Z	3	minutes
TANGO2_NIS_104	Føyn Harbor	https://data.aad.gov.au/aadc/gaz/scar/display_name.cfm?gaz_id=125337	NIS	2025-02-26T00:00:00Z		1899-12-31T15:05:00Z	1899-12-31T15:08:00Z	15:05-03:00/15:08-03:00	2025-02-26	0.002083333333333326	Axelle Brusselman	https://orcid.org/0009-0002-6669-2911	64°32,4147	61°59,8521						4097	4102				https://www.wikidata.org/wiki/Q137398578	Niskin bottle | https://doi.org/10.5281/zenodo.11653690 | Water samples were collected using Niskin bottles during NIS events as part of the expedition environmental parameters and biogeochemistry work. See Table 5 (Parameters to be measured in the water column) and Table 11 (Overview of the sampling effort … (DIV = diving event, NIS = Niskin event)) for the list of parameters and station-level sampling effort details.	-64.540245		-61.997535		-64.5402	-61.9975			2025-02-26	15:05-03:00/15:08-03:00	FALSE	2025-02-26T15:05-0300	2025-02-26T15:08-0300	2025-02-26T18:05:00Z	2025-02-26T18:08:00Z	3	minutes
TANGO2_DIV_39	Føyn Harbor	https://data.aad.gov.au/aadc/gaz/scar/display_name.cfm?gaz_id=125337	DIV	2025-02-26T00:00:00Z		1899-12-31T15:48:00Z	1899-12-31T16:43:00Z	15:48-03:00/16:43-03:00	2025-02-26	0.03819444444444442	Lucas Terrana | Martin Dogniez	https://orcid.org/0000-0001-5767-3220 | https://orcid.org/0000-0002-9708-1761	64°32,363	62°00,027				16							https://www.wikidata.org/wiki/Q137398578	Scuba Divers | https://doi.org/10.5281/zenodo.11653690 | Diving activities are reported in the cruise report (see Table 17 Summary of diving activities during TANGO2). Underwater imagery was shot by the divers Team (Lucas Terrana, Lea Katz, Camille Moreau, Martin Dogniez and Anthony Voisin).	-64.53938333333333		-62.00045		-64.5394	-62.0004			2025-02-26	15:48-03:00/16:43-03:00	FALSE	2025-02-26T15:48-0300	2025-02-26T16:43-0300	2025-02-26T18:48:00Z	2025-02-26T19:43:00Z	55	minutes
TANGO2_DIV_40	Føyn Harbor	https://data.aad.gov.au/aadc/gaz/scar/display_name.cfm?gaz_id=125337	DIV	2025-02-26T00:00:00Z		1899-12-31T15:48:00Z	1899-12-31T16:36:00Z	15:48-03:00/16:36-03:00	2025-02-26	0.033333333333333326	Camille Moreau | Lea Katz	https://orcid.org/0000-0002-0981-7442 | https://orcid.org/0000-0001-5748-602X	64°33,1909	62°0,5342				22							https://www.wikidata.org/wiki/Q137398578	Scuba Divers | https://doi.org/10.5281/zenodo.11653690 | Diving activities are reported in the cruise report (see Table 17 Summary of diving activities during TANGO2). Underwater imagery was shot by the divers Team (Lucas Terrana, Lea Katz, Camille Moreau, Martin Dogniez and Anthony Voisin).	-64.55318166666666		-62.008903333333336		-64.5532	-62.0089			2025-02-26	15:48-03:00/16:36-03:00	FALSE	2025-02-26T15:48-0300	2025-02-26T16:36-0300	2025-02-26T18:48:00Z	2025-02-26T19:36:00Z	48	minutes
TANGO2_VV_5	Føyn Harbor	https://data.aad.gov.au/aadc/gaz/scar/display_name.cfm?gaz_id=125337	VV	2025-02-26T00:00:00Z		1899-12-31T13:00:00Z	1899-12-31T13:30:00Z	13:00-03:00/13:30-03:00	2025-02-26	0.02083333333333337	Emil De Borger	https://orcid.org/0000-0003-4905-1637													https://www.wikidata.org/wiki/Q137398578										2025-02-26	13:00-03:00/13:30-03:00	FALSE	2025-02-26T13:00-0300	2025-02-26T13:30-0300	2025-02-26T16:00:00Z	2025-02-26T16:30:00Z	30	minutes
TANGO2_NIS_105	Agalina Glacier	https://data.aad.gov.au/aadc/gaz/scar/display_name.cfm?gaz_id=137076	NIS	2024-02-27T00:00:00Z		1899-12-31T05:56:00Z	1899-12-31T06:00:00Z	05:56-03:00/06:00-03:00	2024-02-27	0.002777777777777768	Axelle Brusselman	https://orcid.org/0009-0002-6669-2911	64°24,1202	61°36,0779						4150	4155				https://www.wikidata.org/wiki/Q137398578	Niskin bottle | https://doi.org/10.5281/zenodo.11653690 | Water samples were collected using Niskin bottles during NIS events as part of the expedition environmental parameters and biogeochemistry work. See Table 5 (Parameters to be measured in the water column) and Table 11 (Overview of the sampling effort … (DIV = diving event, NIS = Niskin event)) for the list of parameters and station-level sampling effort details.	-64.40200333333334		-61.60129833333333		-64.402	-61.6013			2024-02-27	05:56-03:00/06:00-03:00	FALSE	2024-02-27T05:56-0300	2024-02-27T06:00-0300	2024-02-27T08:56:00Z	2024-02-27T09:00:00Z	4	minutes
TANGO2_NIS_106	Agalina Glacier	https://data.aad.gov.au/aadc/gaz/scar/display_name.cfm?gaz_id=137076	NIS	2024-02-27T00:00:00Z		1899-12-31T06:06:00Z	1899-12-31T06:11:00Z	06:06-03:00/06:11-03:00	2024-02-27	0.00347222222222221	Axelle Brusselman	https://orcid.org/0009-0002-6669-2911	64°24,0918	61°37,7632						4156	4161				https://www.wikidata.org/wiki/Q137398578	Niskin bottle | https://doi.org/10.5281/zenodo.11653690 | Water samples were collected using Niskin bottles during NIS events as part of the expedition environmental parameters and biogeochemistry work. See Table 5 (Parameters to be measured in the water column) and Table 11 (Overview of the sampling effort … (DIV = diving event, NIS = Niskin event)) for the list of parameters and station-level sampling effort details.	-64.40153		-61.62938666666667		-64.4015	-61.6294			2024-02-27	06:06-03:00/06:11-03:00	FALSE	2024-02-27T06:06-0300	2024-02-27T06:11-0300	2024-02-27T09:06:00Z	2024-02-27T09:11:00Z	5	minutes
TANGO2_NIS_107	Agalina Glacier	https://data.aad.gov.au/aadc/gaz/scar/display_name.cfm?gaz_id=137076	NIS	2024-02-27T00:00:00Z		1899-12-31T06:13:00Z	1899-12-31T06:18:00Z	06:13-03:00/06:18-03:00	2024-02-27	0.00347222222222221	Axelle Brusselman	https://orcid.org/0009-0002-6669-2911	64°24,0594	61°33,5161						4162	4167				https://www.wikidata.org/wiki/Q137398578	Niskin bottle | https://doi.org/10.5281/zenodo.11653690 | Water samples were collected using Niskin bottles during NIS events as part of the expedition environmental parameters and biogeochemistry work. See Table 5 (Parameters to be measured in the water column) and Table 11 (Overview of the sampling effort … (DIV = diving event, NIS = Niskin event)) for the list of parameters and station-level sampling effort details.	-64.40099		-61.55860166666667		-64.401	-61.5586			2024-02-27	06:13-03:00/06:18-03:00	FALSE	2024-02-27T06:13-0300	2024-02-27T06:18-0300	2024-02-27T09:13:00Z	2024-02-27T09:18:00Z	5	minutes
TANGO2_NIS_108	Agalina Glacier	https://data.aad.gov.au/aadc/gaz/scar/display_name.cfm?gaz_id=137076	NIS	2024-02-27T00:00:00Z		1899-12-31T06:19:00Z	1899-12-31T06:24:00Z	06:19-03:00/06:24-03:00	2024-02-27	0.00347222222222221	Axelle Brusselman	https://orcid.org/0009-0002-6669-2911	64°24,0743	61°32,3686						4168	4173				https://www.wikidata.org/wiki/Q137398578	Niskin bottle | https://doi.org/10.5281/zenodo.11653690 | Water samples were collected using Niskin bottles during NIS events as part of the expedition environmental parameters and biogeochemistry work. See Table 5 (Parameters to be measured in the water column) and Table 11 (Overview of the sampling effort … (DIV = diving event, NIS = Niskin event)) for the list of parameters and station-level sampling effort details.	-64.40123833333334		-61.539476666666665		-64.4012	-61.5395			2024-02-27	06:19-03:00/06:24-03:00	FALSE	2024-02-27T06:19-0300	2024-02-27T06:24-0300	2024-02-27T09:19:00Z	2024-02-27T09:24:00Z	5	minutes
TANGO2_NIS_109	Agalina Glacier	https://data.aad.gov.au/aadc/gaz/scar/display_name.cfm?gaz_id=137076	NIS	2024-02-27T00:00:00Z		1899-12-31T06:27:00Z	1899-12-31T06:32:00Z	06:27-03:00/06:32-03:00	2024-02-27	0.00347222222222221	Axelle Brusselman	https://orcid.org/0009-0002-6669-2911	64°24,1067	61°31,1306						4174	4179				https://www.wikidata.org/wiki/Q137398578	Niskin bottle | https://doi.org/10.5281/zenodo.11653690 | Water samples were collected using Niskin bottles during NIS events as part of the expedition environmental parameters and biogeochemistry work. See Table 5 (Parameters to be measured in the water column) and Table 11 (Overview of the sampling effort … (DIV = diving event, NIS = Niskin event)) for the list of parameters and station-level sampling effort details.	-64.40177833333334		-61.518843333333336		-64.4018	-61.5188			2024-02-27	06:27-03:00/06:32-03:00	FALSE	2024-02-27T06:27-0300	2024-02-27T06:32-0300	2024-02-27T09:27:00Z	2024-02-27T09:32:00Z	5	minutes
TANGO2_NIS_110	Agalina Glacier	https://data.aad.gov.au/aadc/gaz/scar/display_name.cfm?gaz_id=137076	NIS	2024-02-27T00:00:00Z		1899-12-31T06:37:00Z	1899-12-31T06:42:00Z	06:37-03:00/06:42-03:00	2024-02-27	0.00347222222222221	Axelle Brusselman	https://orcid.org/0009-0002-6669-2911	64°24,3277	61°30,0269						4180	4185				https://www.wikidata.org/wiki/Q137398578	Niskin bottle | https://doi.org/10.5281/zenodo.11653690 | Water samples were collected using Niskin bottles during NIS events as part of the expedition environmental parameters and biogeochemistry work. See Table 5 (Parameters to be measured in the water column) and Table 11 (Overview of the sampling effort … (DIV = diving event, NIS = Niskin event)) for the list of parameters and station-level sampling effort details.	-64.40546166666667		-61.50044833333333		-64.4055	-61.5004			2024-02-27	06:37-03:00/06:42-03:00	FALSE	2024-02-27T06:37-0300	2024-02-27T06:42-0300	2024-02-27T09:37:00Z	2024-02-27T09:42:00Z	5	minutes
TANGO2_NIS_111	Agalina Glacier	https://data.aad.gov.au/aadc/gaz/scar/display_name.cfm?gaz_id=137076	NIS	2024-02-27T00:00:00Z		1899-12-31T06:47:00Z	1899-12-31T06:52:00Z	06:47-03:00/06:52-03:00	2024-02-27	0.00347222222222221	Axelle Brusselman	https://orcid.org/0009-0002-6669-2911	64°24,5559	61°21,0492						4186	4191				https://www.wikidata.org/wiki/Q137398578	Niskin bottle | https://doi.org/10.5281/zenodo.11653690 | Water samples were collected using Niskin bottles during NIS events as part of the expedition environmental parameters and biogeochemistry work. See Table 5 (Parameters to be measured in the water column) and Table 11 (Overview of the sampling effort … (DIV = diving event, NIS = Niskin event)) for the list of parameters and station-level sampling effort details.	-64.409265		-61.35082		-64.4093	-61.3508			2024-02-27	06:47-03:00/06:52-03:00	FALSE	2024-02-27T06:47-0300	2024-02-27T06:52-0300	2024-02-27T09:47:00Z	2024-02-27T09:52:00Z	5	minutes
TANGO2_NIS_112	Agalina Glacier	https://data.aad.gov.au/aadc/gaz/scar/display_name.cfm?gaz_id=137076	NIS	2024-02-27T00:00:00Z		1899-12-31T06:58:00Z	1899-12-31T07:03:00Z	06:58-03:00/07:03-03:00	2024-02-27	0.00347222222222221	Axelle Brusselman	https://orcid.org/0009-0002-6669-2911	64°24,8017	61°30,3587						4192	4197				https://www.wikidata.org/wiki/Q137398578	Niskin bottle | https://doi.org/10.5281/zenodo.11653690 | Water samples were collected using Niskin bottles during NIS events as part of the expedition environmental parameters and biogeochemistry work. See Table 5 (Parameters to be measured in the water column) and Table 11 (Overview of the sampling effort … (DIV = diving event, NIS = Niskin event)) for the list of parameters and station-level sampling effort details.	-64.41336166666666		-61.50597833333333		-64.4134	-61.506			2024-02-27	06:58-03:00/07:03-03:00	FALSE	2024-02-27T06:58-0300	2024-02-27T07:03-0300	2024-02-27T09:58:00Z	2024-02-27T10:03:00Z	5	minutes
TANGO2_NIS_113	Agalina Glacier	https://data.aad.gov.au/aadc/gaz/scar/display_name.cfm?gaz_id=137076	NIS	2024-02-27T00:00:00Z		1899-12-31T07:06:00Z	1899-12-31T07:11:00Z	07:06-03:00/07:11-03:00	2024-02-27	0.00347222222222221	Axelle Brusselman	https://orcid.org/0009-0002-6669-2911	64°24,9315	61°29,5064						4198	4203				https://www.wikidata.org/wiki/Q137398578	Niskin bottle | https://doi.org/10.5281/zenodo.11653690 | Water samples were collected using Niskin bottles during NIS events as part of the expedition environmental parameters and biogeochemistry work. See Table 5 (Parameters to be measured in the water column) and Table 11 (Overview of the sampling effort … (DIV = diving event, NIS = Niskin event)) for the list of parameters and station-level sampling effort details.	-64.415525		-61.491773333333335		-64.4155	-61.4918			2024-02-27	07:06-03:00/07:11-03:00	FALSE	2024-02-27T07:06-0300	2024-02-27T07:11-0300	2024-02-27T10:06:00Z	2024-02-27T10:11:00Z	5	minutes
TANGO2_NIS_114	Agalina Glacier	https://data.aad.gov.au/aadc/gaz/scar/display_name.cfm?gaz_id=137076	NIS	2024-02-27T00:00:00Z		1899-12-31T07:15:00Z	1899-12-31T07:20:00Z	07:15-03:00/07:20-03:00	2024-02-27	0.0034722222222222654	Axelle Brusselman	https://orcid.org/0009-0002-6669-2911	64°24,9627	61°28,5043						4204	4209				https://www.wikidata.org/wiki/Q137398578	Niskin bottle | https://doi.org/10.5281/zenodo.11653690 | Water samples were collected using Niskin bottles during NIS events as part of the expedition environmental parameters and biogeochemistry work. See Table 5 (Parameters to be measured in the water column) and Table 11 (Overview of the sampling effort … (DIV = diving event, NIS = Niskin event)) for the list of parameters and station-level sampling effort details.	-64.416045		-61.475071666666665		-64.416	-61.4751			2024-02-27	07:15-03:00/07:20-03:00	FALSE	2024-02-27T07:15-0300	2024-02-27T07:20-0300	2024-02-27T10:15:00Z	2024-02-27T10:20:00Z	5	minutes
TANGO2_NIS_115	Agalina Glacier	https://data.aad.gov.au/aadc/gaz/scar/display_name.cfm?gaz_id=137076	NIS	2024-02-27T00:00:00Z		1899-12-31T07:26:00Z	1899-12-31T07:31:00Z	07:26-03:00/07:31-03:00	2024-02-27	0.00347222222222221	Axelle Brusselman	https://orcid.org/0009-0002-6669-2911	64°24,6767	61°27,7396						4210	4215				https://www.wikidata.org/wiki/Q137398578	Niskin bottle | https://doi.org/10.5281/zenodo.11653690 | Water samples were collected using Niskin bottles during NIS events as part of the expedition environmental parameters and biogeochemistry work. See Table 5 (Parameters to be measured in the water column) and Table 11 (Overview of the sampling effort … (DIV = diving event, NIS = Niskin event)) for the list of parameters and station-level sampling effort details.	-64.41127833333333		-61.46232666666667		-64.4113	-61.4623			2024-02-27	07:26-03:00/07:31-03:00	FALSE	2024-02-27T07:26-0300	2024-02-27T07:31-0300	2024-02-27T10:26:00Z	2024-02-27T10:31:00Z	5	minutes
TANGO2_NIS_116	Agalina Glacier	https://data.aad.gov.au/aadc/gaz/scar/display_name.cfm?gaz_id=137076	NIS	2024-02-27T00:00:00Z		1899-12-31T07:33:00Z	1899-12-31T07:38:00Z	07:33-03:00/07:38-03:00	2024-02-27	0.00347222222222221	Axelle Brusselman	https://orcid.org/0009-0002-6669-2911	64°24,4374	61°27,6435						4216	4221				https://www.wikidata.org/wiki/Q137398578	Niskin bottle | https://doi.org/10.5281/zenodo.11653690 | Water samples were collected using Niskin bottles during NIS events as part of the expedition environmental parameters and biogeochemistry work. See Table 5 (Parameters to be measured in the water column) and Table 11 (Overview of the sampling effort … (DIV = diving event, NIS = Niskin event)) for the list of parameters and station-level sampling effort details.	-64.40729		-61.460725		-64.4073	-61.4607			2024-02-27	07:33-03:00/07:38-03:00	FALSE	2024-02-27T07:33-0300	2024-02-27T07:38-0300	2024-02-27T10:33:00Z	2024-02-27T10:38:00Z	5	minutes
TANGO2_NIS_117	Agalina Glacier	https://data.aad.gov.au/aadc/gaz/scar/display_name.cfm?gaz_id=137076	NIS	2024-02-27T00:00:00Z		1899-12-31T07:40:00Z	1899-12-31T07:45:00Z	07:40-03:00/07:45-03:00	2024-02-27	0.0034722222222222654	Axelle Brusselman	https://orcid.org/0009-0002-6669-2911	64°24,1907	61°27,9718						4222	4227				https://www.wikidata.org/wiki/Q137398578	Niskin bottle | https://doi.org/10.5281/zenodo.11653690 | Water samples were collected using Niskin bottles during NIS events as part of the expedition environmental parameters and biogeochemistry work. See Table 5 (Parameters to be measured in the water column) and Table 11 (Overview of the sampling effort … (DIV = diving event, NIS = Niskin event)) for the list of parameters and station-level sampling effort details.	-64.40317833333333		-61.46619666666667		-64.4032	-61.4662			2024-02-27	07:40-03:00/07:45-03:00	FALSE	2024-02-27T07:40-0300	2024-02-27T07:45-0300	2024-02-27T10:40:00Z	2024-02-27T10:45:00Z	5	minutes
TANGO2_NIS_118	Agalina Glacier	https://data.aad.gov.au/aadc/gaz/scar/display_name.cfm?gaz_id=137076	NIS	2024-02-27T00:00:00Z		1899-12-31T07:46:00Z	1899-12-31T07:51:00Z	07:46-03:00/07:51-03:00	2024-02-27	0.00347222222222221	Axelle Brusselman	https://orcid.org/0009-0002-6669-2911	64°23,9084	61°28,5219						4228	4233				https://www.wikidata.org/wiki/Q137398578	Niskin bottle | https://doi.org/10.5281/zenodo.11653690 | Water samples were collected using Niskin bottles during NIS events as part of the expedition environmental parameters and biogeochemistry work. See Table 5 (Parameters to be measured in the water column) and Table 11 (Overview of the sampling effort … (DIV = diving event, NIS = Niskin event)) for the list of parameters and station-level sampling effort details.	-64.39847333333333		-61.475365		-64.3985	-61.4754			2024-02-27	07:46-03:00/07:51-03:00	FALSE	2024-02-27T07:46-0300	2024-02-27T07:51-0300	2024-02-27T10:46:00Z	2024-02-27T10:51:00Z	5	minutes
TANGO2_NIS_119	Deception Island	https://data.aad.gov.au/aadc/gaz/scar/display_name.cfm?gaz_id=108460	NIS	2024-02-27T00:00:00Z		1899-12-31T21:40:00Z	1899-12-31T21:50:00Z	21:40-03:00/21:50-03:00	2024-02-27	0.00694444444444442	Axelle Brusselman	https://orcid.org/0009-0002-6669-2911								4311	4316	Neptune deception island			https://www.wikidata.org/wiki/Q137398578	Niskin bottle | https://doi.org/10.5281/zenodo.11653690 | Water samples were collected using Niskin bottles during NIS events as part of the expedition environmental parameters and biogeochemistry work. See Table 5 (Parameters to be measured in the water column) and Table 11 (Overview of the sampling effort … (DIV = diving event, NIS = Niskin event)) for the list of parameters and station-level sampling effort details.									2024-02-27	21:40-03:00/21:50-03:00	FALSE	2024-02-27T21:40-0300	2024-02-27T21:50-0300	2024-02-28T00:40:00Z	2024-02-28T00:50:00Z	10	minutes
TANGO2_ITD_2	Føyn Harbor	https://data.aad.gov.au/aadc/gaz/scar/display_name.cfm?gaz_id=125337	ITD	2024-02-26T00:00:00Z		1899-12-31T11:30:00Z	1899-12-31T12:15:00Z	11:30-03:00/12:15-03:00	2024-02-26	0.031249999999999944	Camille Moreau | Manon Bayat	https://orcid.org/0000-0002-0981-7442								4127	4128				https://www.wikidata.org/wiki/Q137398578	Intertidal | https://doi.org/10.5281/zenodo.11653690 | Intertidal is listed among the gear deployed during the TANGO 2 expedition (Table 3: List of gear deployed during the TANGO 2 expedition).									2024-02-26	11:30-03:00/12:15-03:00	FALSE	2024-02-26T11:30-0300	2024-02-26T12:15-0300	2024-02-26T14:30:00Z	2024-02-26T15:15:00Z	45	minutes
TANGO2_DIV_41	Deception Island	https://data.aad.gov.au/aadc/gaz/scar/display_name.cfm?gaz_id=108460	DIV	2024-02-28T00:00:00Z		1899-12-31T08:56:00Z	1899-12-31T09:27:00Z	08:56-03:00/09:27-03:00	2024-02-28	0.021527777777777757	Anthony Voisin | Lucas Terrana | Martin Dogniez	https://orcid.org/0000-0003-3696-4445 | https://orcid.org/0000-0001-5767-3220 | https://orcid.org/0000-0002-9708-1761	62°55,5990	60°41,1860				19		4234	4304	Sea urchins			https://www.wikidata.org/wiki/Q137398578	Scuba Divers | https://doi.org/10.5281/zenodo.11653690 | Diving activities are reported in the cruise report (see Table 17 Summary of diving activities during TANGO2). Underwater imagery was shot by the divers Team (Lucas Terrana, Lea Katz, Camille Moreau, Martin Dogniez and Anthony Voisin).	-62.92665		-60.68643333333333		-62.9267	-60.6864			2024-02-28	08:56-03:00/09:27-03:00	FALSE	2024-02-28T08:56-0300	2024-02-28T09:27-0300	2024-02-28T11:56:00Z	2024-02-28T12:27:00Z	31	minutes
TANGO2_DIV_42	Deception Island	https://data.aad.gov.au/aadc/gaz/scar/display_name.cfm?gaz_id=108460	DIV	2024-02-28T00:00:00Z		1899-12-31T08:46:00Z	1899-12-31T08:57:00Z	08:46-03:00/08:57-03:00	2024-02-28	0.007638888888888917	Lea Katz | Camille Moreau	https://orcid.org/0000-0001-5748-602X | https://orcid.org/0000-0002-0981-7442	62°55,5990	60°41,1860				19				Documentation			https://www.wikidata.org/wiki/Q137398578	Scuba Divers | https://doi.org/10.5281/zenodo.11653690 | Diving activities are reported in the cruise report (see Table 17 Summary of diving activities during TANGO2). Underwater imagery was shot by the divers Team (Lucas Terrana, Lea Katz, Camille Moreau, Martin Dogniez and Anthony Voisin).	-62.92665		-60.68643333333333		-62.9267	-60.6864			2024-02-28	08:46-03:00/08:57-03:00	FALSE	2024-02-28T08:46-0300	2024-02-28T08:57-0300	2024-02-28T11:46:00Z	2024-02-28T11:57:00Z	11	minutes
TANGO2_NIS_120	Deception Island	https://data.aad.gov.au/aadc/gaz/scar/display_name.cfm?gaz_id=108460	NIS	2024-02-28T00:00:00Z					2024-02-28		Axelle Brusselman | Manon Bayat	https://orcid.org/0009-0002-6669-2911								4305	4310	Manon			https://www.wikidata.org/wiki/Q137398578	Niskin bottle | https://doi.org/10.5281/zenodo.11653690 | Water samples were collected using Niskin bottles during NIS events as part of the expedition environmental parameters and biogeochemistry work. See Table 5 (Parameters to be measured in the water column) and Table 11 (Overview of the sampling effort … (DIV = diving event, NIS = Niskin event)) for the list of parameters and station-level sampling effort details.									2024-02-28		FALSE						minutes
TANGO2_NIS_121	Deception Island	https://data.aad.gov.au/aadc/gaz/scar/display_name.cfm?gaz_id=108460	NIS	2024-02-28T00:00:00Z					2024-02-28		Axelle Brusselman	https://orcid.org/0009-0002-6669-2911								4317					https://www.wikidata.org/wiki/Q137398578	Niskin bottle | https://doi.org/10.5281/zenodo.11653690 | Water samples were collected using Niskin bottles during NIS events as part of the expedition environmental parameters and biogeochemistry work. See Table 5 (Parameters to be measured in the water column) and Table 11 (Overview of the sampling effort … (DIV = diving event, NIS = Niskin event)) for the list of parameters and station-level sampling effort details.									2024-02-28		FALSE						minutes
TANGO2_NIS_122	Deception Island	https://data.aad.gov.au/aadc/gaz/scar/display_name.cfm?gaz_id=108460	NIS	2024-02-28T00:00:00Z					2024-02-28		Axelle Brusselman	https://orcid.org/0009-0002-6669-2911													https://www.wikidata.org/wiki/Q137398578	Niskin bottle | https://doi.org/10.5281/zenodo.11653690 | Water samples were collected using Niskin bottles during NIS events as part of the expedition environmental parameters and biogeochemistry work. See Table 5 (Parameters to be measured in the water column) and Table 11 (Overview of the sampling effort … (DIV = diving event, NIS = Niskin event)) for the list of parameters and station-level sampling effort details.									2024-02-28		FALSE						minutes
TANGO2_NIS_123	Deception Island	https://data.aad.gov.au/aadc/gaz/scar/display_name.cfm?gaz_id=108460	NIS	2024-02-28T00:00:00Z					2024-02-28		Axelle Brusselman	https://orcid.org/0009-0002-6669-2911													https://www.wikidata.org/wiki/Q137398578	Niskin bottle | https://doi.org/10.5281/zenodo.11653690 | Water samples were collected using Niskin bottles during NIS events as part of the expedition environmental parameters and biogeochemistry work. See Table 5 (Parameters to be measured in the water column) and Table 11 (Overview of the sampling effort … (DIV = diving event, NIS = Niskin event)) for the list of parameters and station-level sampling effort details.									2024-02-28		FALSE						minutes
TANGO2_NIS_124	Deception Island	https://data.aad.gov.au/aadc/gaz/scar/display_name.cfm?gaz_id=108460	NIS	2024-02-28T00:00:00Z					2024-02-28		Axelle Brusselman	https://orcid.org/0009-0002-6669-2911													https://www.wikidata.org/wiki/Q137398578	Niskin bottle | https://doi.org/10.5281/zenodo.11653690 | Water samples were collected using Niskin bottles during NIS events as part of the expedition environmental parameters and biogeochemistry work. See Table 5 (Parameters to be measured in the water column) and Table 11 (Overview of the sampling effort … (DIV = diving event, NIS = Niskin event)) for the list of parameters and station-level sampling effort details.									2024-02-28		FALSE						minutes
TANGO2_NIS_125	Deception Island	https://data.aad.gov.au/aadc/gaz/scar/display_name.cfm?gaz_id=108460	NIS	2024-02-28T00:00:00Z					2024-02-28		Axelle Brusselman	https://orcid.org/0009-0002-6669-2911													https://www.wikidata.org/wiki/Q137398578	Niskin bottle | https://doi.org/10.5281/zenodo.11653690 | Water samples were collected using Niskin bottles during NIS events as part of the expedition environmental parameters and biogeochemistry work. See Table 5 (Parameters to be measured in the water column) and Table 11 (Overview of the sampling effort … (DIV = diving event, NIS = Niskin event)) for the list of parameters and station-level sampling effort details.									2024-02-28		FALSE						minutes
TANGO2_NIS_126	Deception Island	https://data.aad.gov.au/aadc/gaz/scar/display_name.cfm?gaz_id=108460	NIS	2024-02-28T00:00:00Z					2024-02-28		Axelle Brusselman	https://orcid.org/0009-0002-6669-2911													https://www.wikidata.org/wiki/Q137398578	Niskin bottle | https://doi.org/10.5281/zenodo.11653690 | Water samples were collected using Niskin bottles during NIS events as part of the expedition environmental parameters and biogeochemistry work. See Table 5 (Parameters to be measured in the water column) and Table 11 (Overview of the sampling effort … (DIV = diving event, NIS = Niskin event)) for the list of parameters and station-level sampling effort details.									2024-02-28		FALSE						minutes
TANGO2_NIS_127	Deception Island	https://data.aad.gov.au/aadc/gaz/scar/display_name.cfm?gaz_id=108460	NIS	2024-02-28T00:00:00Z					2024-02-28		Axelle Brusselman	https://orcid.org/0009-0002-6669-2911													https://www.wikidata.org/wiki/Q137398578	Niskin bottle | https://doi.org/10.5281/zenodo.11653690 | Water samples were collected using Niskin bottles during NIS events as part of the expedition environmental parameters and biogeochemistry work. See Table 5 (Parameters to be measured in the water column) and Table 11 (Overview of the sampling effort … (DIV = diving event, NIS = Niskin event)) for the list of parameters and station-level sampling effort details.									2024-02-28		FALSE						minutes
TANGO2_DIV_34	Føyn Harbor	https://data.aad.gov.au/aadc/gaz/scar/display_name.cfm?gaz_id=125337	DIV	2024-02-25T00:00:00Z		1899-12-31T09:25:00Z	1899-12-31T10:20:00Z	09:25-03:00/10:20-03:00	2024-02-28	0.038194444444444475	Lucas Terrana | Lea Katz | Camille Moreau	https://orcid.org/0000-0001-5767-3220 | https://orcid.org/0000-0001-5748-602X | https://orcid.org/0000-0002-0981-7442	64°32,363	62°00,027				23		3901	3980	Documentation, sediment cores, sea urchins			https://www.wikidata.org/wiki/Q137398578	Scuba Divers | https://doi.org/10.5281/zenodo.11653690 | Diving activities are reported in the cruise report (see Table 17 Summary of diving activities during TANGO2). Underwater imagery was shot by the divers Team (Lucas Terrana, Lea Katz, Camille Moreau, Martin Dogniez and Anthony Voisin).	-64.53938333333333		-62.00045		-64.5394	-62.0004			2024-02-28	09:25-03:00/10:20-03:00	FALSE	2024-02-28T09:25-0300	2024-02-28T10:20-0300	2024-02-28T12:25:00Z	2024-02-28T13:20:00Z	55	minutes
TANGO2_DIV_35	Føyn Harbor	https://data.aad.gov.au/aadc/gaz/scar/display_name.cfm?gaz_id=125337	DIV	2024-02-25T00:00:00Z		1899-12-31T15:40:00Z	1899-12-31T16:37:00Z	15:40-03:00/16:37-03:00	2024-02-28	0.039583333333333304	Lucas Terrana | Camille Moreau	https://orcid.org/0000-0001-5767-3220 | https://orcid.org/0000-0002-0981-7442	64°32,363	62°00,027				23				wreck			https://www.wikidata.org/wiki/Q137398578	Scuba Divers | https://doi.org/10.5281/zenodo.11653690 | Diving activities are reported in the cruise report (see Table 17 Summary of diving activities during TANGO2). Underwater imagery was shot by the divers Team (Lucas Terrana, Lea Katz, Camille Moreau, Martin Dogniez and Anthony Voisin).	-64.53938333333333		-62.00045		-64.5394	-62.0004			2024-02-28	15:40-03:00/16:37-03:00	FALSE	2024-02-28T15:40-0300	2024-02-28T16:37-0300	2024-02-28T18:40:00Z	2024-02-28T19:37:00Z	57	minutes
TANGO2_NIS_128	Deception Island	https://data.aad.gov.au/aadc/gaz/scar/display_name.cfm?gaz_id=108460	NIS	2024-02-28T00:00:00Z					2024-02-28		Axelle Brusselman	https://orcid.org/0009-0002-6669-2911													https://www.wikidata.org/wiki/Q137398578	Niskin bottle | https://doi.org/10.5281/zenodo.11653690 | Water samples were collected using Niskin bottles during NIS events as part of the expedition environmental parameters and biogeochemistry work. See Table 5 (Parameters to be measured in the water column) and Table 11 (Overview of the sampling effort … (DIV = diving event, NIS = Niskin event)) for the list of parameters and station-level sampling effort details.									2024-02-28		FALSE						minutes
TANGO2_NIS_129	Deception Island	https://data.aad.gov.au/aadc/gaz/scar/display_name.cfm?gaz_id=108460	NIS	2024-02-28T00:00:00Z					2024-02-28		Axelle Brusselman	https://orcid.org/0009-0002-6669-2911													https://www.wikidata.org/wiki/Q137398578	Niskin bottle | https://doi.org/10.5281/zenodo.11653690 | Water samples were collected using Niskin bottles during NIS events as part of the expedition environmental parameters and biogeochemistry work. See Table 5 (Parameters to be measured in the water column) and Table 11 (Overview of the sampling effort … (DIV = diving event, NIS = Niskin event)) for the list of parameters and station-level sampling effort details.									2024-02-28		FALSE						minutes
TANGO2_NIS_130	Deception Island	https://data.aad.gov.au/aadc/gaz/scar/display_name.cfm?gaz_id=108460	NIS	2024-02-28T00:00:00Z					2024-02-28		Axelle Brusselman	https://orcid.org/0009-0002-6669-2911													https://www.wikidata.org/wiki/Q137398578	Niskin bottle | https://doi.org/10.5281/zenodo.11653690 | Water samples were collected using Niskin bottles during NIS events as part of the expedition environmental parameters and biogeochemistry work. See Table 5 (Parameters to be measured in the water column) and Table 11 (Overview of the sampling effort … (DIV = diving event, NIS = Niskin event)) for the list of parameters and station-level sampling effort details.									2024-02-28		FALSE						minutes
TANGO2_NIS_131	Deception Island	https://data.aad.gov.au/aadc/gaz/scar/display_name.cfm?gaz_id=108460	NIS	2024-02-28T00:00:00Z					2024-02-28		Axelle Brusselman	https://orcid.org/0009-0002-6669-2911													https://www.wikidata.org/wiki/Q137398578	Niskin bottle | https://doi.org/10.5281/zenodo.11653690 | Water samples were collected using Niskin bottles during NIS events as part of the expedition environmental parameters and biogeochemistry work. See Table 5 (Parameters to be measured in the water column) and Table 11 (Overview of the sampling effort … (DIV = diving event, NIS = Niskin event)) for the list of parameters and station-level sampling effort details.									2024-02-28		FALSE						minutes
https://www.wikidata.org/wiki/Q137398578									2024-02-05/2024-03-08																																		
